title,author,isbn_13,format_code,location_code,notes
4:50 from Paddington,Agatha Christie,9788411090827.0,PB,F1-B09-S05,
4:50 from Paddington,Agatha Christie,9788411090827.0,ACD,F0-B20-S05,Audiobook (CD)
4:50 from Paddington,Agatha Christie,9788411090827.0,PB,F1-B09-S05,
4:50 from Paddington,Agatha Christie,9788411090827.0,ACD,F0-B20-S05,Audiobook (CD)
4th of July,James Patterson,9781600241031.0,PB,F2-B20-S10,Staff pick
4th of July,James Patterson,9781600241031.0,PB,F2-B20-S10,Staff pick
4th of July,James Patterson,9781600241031.0,PB,F2-B20-S10,Staff pick
4th of July,James Patterson,9781600241031.0,PB,F2-B20-S10,Staff pick
4th of July,James Patterson,9781600241031.0,PB,F2-B20-S10,Staff pick
7th Heaven,James Patterson,9781600240775.0,PB,F1-B25-S05,
7th Heaven,James Patterson,9781600240775.0,PB,F1-B25-S05,
7th Heaven,James Patterson,9781600240775.0,PB,F1-B25-S05,
7th Heaven,James Patterson,9781600240775.0,LP,F1-B21-S06,Large print edition
7th Heaven,James Patterson,9781600240775.0,ADIG,,Audiobook (digital)
[Relief of C. J. Baronett.],United States. Congress. Senate. Committee on Territories,,PB,F2-B17-S09,
A Caribbean Mystery,Agatha Christie,9780671756116.0,PB,F1-B02-S03,
A Caribbean Mystery,Agatha Christie,9780671756116.0,LP,F1-B05-S10,Large print edition
A Caribbean Mystery,Agatha Christie,9780671756116.0,LP,F1-B05-S10,Large print edition
A Caribbean Mystery,Agatha Christie,9780671756116.0,ACD,F0-B10-S09,Audiobook (CD)
A Case of Need,Michael Crichton,9780451039248.0,PB,F2-B12-S08,
A Case of Need,Michael Crichton,9780451039248.0,PB,F2-B12-S08,
A Case of Need,Michael Crichton,9780451039248.0,ADIG,,Audiobook (digital)
A Case of Need,Michael Crichton,9780451039248.0,ADIG,,Audiobook (digital)
A Clockwork Orange,Anthony Burgess,9780786246441.0,PB,F1-B25-S06,
A Clockwork Orange,Anthony Burgess,9780786246441.0,PB,F1-B25-S06,
A Clockwork Orange,Anthony Burgess,9780786246441.0,PB,F1-B25-S06,
A Clockwork Orange,Anthony Burgess,9780786246441.0,PB,F1-B25-S06,
A Good Girl's Guide to Murder,Holly Jackson,9780008621704.0,PB,F1-B15-S07,
A Good Girl's Guide to Murder,Holly Jackson,9780008621704.0,ACD,F0-B23-S07,Audiobook (CD)
A Kiss Before Dying,Ira Levin,9783190026869.0,PB,F2-B20-S09,Donated copy
A Kiss Before Dying,Ira Levin,9783190026869.0,EBK,,eBook edition
A Little Black Book,Graeme Jenkinson,9781096721567.0,PB,F2-B15-S08,
A Little Black Book,Graeme Jenkinson,9781096721567.0,PB,F2-B15-S08,
A Little Black Book,Graeme Jenkinson,9781096721567.0,LP,F1-B18-S04,Large print edition
A Little Black Book,Graeme Jenkinson,9781096721567.0,LP,F1-B18-S04,Large print edition
A Little Black Book,Graeme Jenkinson,9781096721567.0,ADIG,,Audiobook (digital)
A Little Princess,Frances Hodgson Burnett,9780590543071.0,PB,F1-B05-S03,
A Little Princess,Frances Hodgson Burnett,9780590543071.0,EBK,,eBook edition
A Long Way from Chicago,Richard Peck,9780807261620.0,PB,F1-B25-S09,
A Long Way from Chicago,Richard Peck,9780807261620.0,ACD,F0-B05-S08,Audiobook (CD)
A Murder Is Announced,Agatha Christie,9780007120673.0,PB,F2-B03-S04,Slightly damaged cover
A Murder Is Announced,Agatha Christie,9780007120673.0,ADIG,,Audiobook (digital)
A Pocket Full of Rye,Agatha Christie,9780007208524.0,PB,F2-B09-S10,
A Pocket Full of Rye,Agatha Christie,9780007208524.0,LP,F1-B04-S04,Large print edition
A Shilling for Candles (Inspector Alan Grant #2),Josephine Tey,9798545845781.0,PB,F1-B18-S09,
A Shilling for Candles (Inspector Alan Grant #2),Josephine Tey,9798545845781.0,PB,F1-B18-S09,
A Shilling for Candles (Inspector Alan Grant #2),Josephine Tey,9798545845781.0,PB,F1-B18-S09,
A Shilling for Candles (Inspector Alan Grant #2),Josephine Tey,9798545845781.0,PB,F1-B18-S09,
A Shilling for Candles (Inspector Alan Grant #2),Josephine Tey,9798545845781.0,LP,F1-B03-S06,Large print edition
A Study in Scarlet,Arthur Conan Doyle,9781511815468.0,PB,F2-B21-S02,
A Study in Scarlet,Arthur Conan Doyle,9781511815468.0,LP,F1-B23-S03,Large print edition
A Study in Scarlet,Arthur Conan Doyle,9781511815468.0,PB,F2-B21-S02,
A Study in Scarlet,Arthur Conan Doyle,9781511815468.0,PB,F2-B21-S02,
A Study in Scarlet,Arthur Conan Doyle,9781511815468.0,PB,F2-B21-S02,
A Time to Kill,John Grisham,9780375433504.0,PB,F2-B01-S10,
A Time to Kill,John Grisham,9780375433504.0,LP,F1-B13-S09,Large print edition
A Time to Kill,John Grisham,9780375433504.0,PB,F2-B01-S10,
A Time to Kill,John Grisham,9780375433504.0,LP,F1-B13-S09,Large print edition
A Wonder Book for Girls and Boys,Nathaniel Hawthorne,9781434485731.0,PB,F2-B14-S09,
A Wonder Book for Girls and Boys,Nathaniel Hawthorne,9781434485731.0,EBK,,eBook edition
Abridgment of Murray's English Grammar,Lindley Murray,9780665514418.0,PB,F2-B08-S04,
Abridgment of Murray's English Grammar,Lindley Murray,9780665514418.0,ACD,F1-B22-S03,Audiobook (CD)
After the Funeral,Agatha Christie,9780671802936.0,PB,F1-B09-S09,
After the Funeral,Agatha Christie,9780671802936.0,ADIG,,Audiobook (digital)
After the Funeral,Agatha Christie,9780671802936.0,PB,F1-B09-S09,
After the Funeral,Agatha Christie,9780671802936.0,PB,F1-B09-S09,
Alice's Adventures in Wonderland / Through the Looking Glass,Lewis Carroll,9780140433173.0,PB,F1-B18-S04,
Alice's Adventures in Wonderland / Through the Looking Glass,Lewis Carroll,9780140433173.0,PB,F1-B18-S04,
Alice's Adventures in Wonderland / Through the Looking Glass,Lewis Carroll,9780140433173.0,PB,F1-B18-S04,
Alice's Adventures in Wonderland / Through the Looking Glass,Lewis Carroll,9780140433173.0,PB,F1-B18-S04,
All American Boys,Jason Reynolds,9783125799028.0,PB,F2-B02-S03,
All American Boys,Jason Reynolds,9783125799028.0,PB,F2-B02-S03,
All American Boys,Jason Reynolds,9783125799028.0,PB,F2-B02-S03,
All American Boys,Jason Reynolds,9783125799028.0,PB,F2-B02-S03,
American Dirt,Jeanine Cummins,9781250754080.0,PB,F1-B13-S06,
American Dirt,Jeanine Cummins,9781250754080.0,LP,F1-B27-S06,Large print edition
American Dirt,Jeanine Cummins,9781250754080.0,PB,F1-B13-S06,
American Dirt,Jeanine Cummins,9781250754080.0,PB,F1-B13-S06,
American Psycho,Bret Easton Ellis,9783942656412.0,PB,F2-B01-S09,
American Psycho,Bret Easton Ellis,9783942656412.0,PB,F2-B01-S09,
American Psycho,Bret Easton Ellis,9783942656412.0,PB,F2-B01-S09,
American Psycho,Bret Easton Ellis,9783942656412.0,ADIG,,Audiobook (digital)
An American Tragedy,Theodore Dreiser,9798531372765.0,PB,F2-B10-S07,
An American Tragedy,Theodore Dreiser,9798531372765.0,ACD,F1-B12-S02,Audiobook (CD)
An American Tragedy,Theodore Dreiser,9798531372765.0,PB,F2-B10-S07,
An American Tragedy,Theodore Dreiser,9798531372765.0,PB,F2-B10-S07,
An American Tragedy,Theodore Dreiser,9798531372765.0,PB,F2-B10-S07,
Anarchism and Other Essays,Emma Goldman,9781595473462.0,PB,F1-B17-S07,
Anarchism and Other Essays,Emma Goldman,9781595473462.0,ACD,F0-B12-S10,Audiobook (CD)
Anarchism and Other Essays,Emma Goldman,9781595473462.0,ADIG,,Audiobook (digital)
Anarchism and Other Essays,Emma Goldman,9781595473462.0,PB,F1-B17-S07,
And Then There Were None,Agatha Christie,9781542895125.0,PB,F2-B20-S07,
And Then There Were None,Agatha Christie,9781542895125.0,PB,F2-B20-S07,
And Then There Were None,Agatha Christie,9781542895125.0,LP,F1-B15-S10,Large print edition
And Then There Were None,Agatha Christie,9781542895125.0,ACD,F0-B03-S01,Audiobook (CD)
Anne of Avonlea,Lucy Maud Montgomery,9798728083719.0,PB,F1-B28-S01,
Anne of Avonlea,Lucy Maud Montgomery,9798728083719.0,LP,F1-B17-S03,Large print edition
Anne of Avonlea,Lucy Maud Montgomery,9798728083719.0,LP,F1-B17-S03,Large print edition
Anne of Avonlea,Lucy Maud Montgomery,9798728083719.0,PB,F1-B28-S01,
Anne of Green Gables,Lucy Maud Montgomery,9781958437025.0,PB,F1-B28-S06,
Anne of Green Gables,Lucy Maud Montgomery,9781958437025.0,ADIG,,Audiobook (digital)
Anne of the Island,Lucy Maud Montgomery,9781389247552.0,PB,F1-B09-S01,Slightly damaged cover
Anne of the Island,Lucy Maud Montgomery,9781389247552.0,ADIG,,Slightly damaged cover; Audiobook (digital)
Anne of the Island,Lucy Maud Montgomery,9781389247552.0,PB,F1-B09-S01,Slightly damaged cover
Anne of the Island,Lucy Maud Montgomery,9781389247552.0,PB,F1-B09-S01,Slightly damaged cover
Anne of Windy Poplars,Lucy Maud Montgomery,9798583176182.0,PB,F2-B08-S06,Replacement case
Anne of Windy Poplars,Lucy Maud Montgomery,9798583176182.0,PB,F2-B08-S06,Replacement case
Anne of Windy Poplars,Lucy Maud Montgomery,9798583176182.0,PB,F2-B08-S06,Replacement case
Anne of Windy Poplars,Lucy Maud Montgomery,9798583176182.0,PB,F2-B08-S06,Replacement case
Anne's House of Dreams,Lucy Maud Montgomery,9781718818477.0,PB,F2-B19-S05,
Anne's House of Dreams,Lucy Maud Montgomery,9781718818477.0,ACD,F1-B01-S07,Audiobook (CD)
Anxiety,Serajul ISLAM,9798674713296.0,PB,F1-B15-S08,
Anxiety,Serajul ISLAM,9798674713296.0,ACD,F1-B04-S05,Audiobook (CD)
Anxiety,Serajul ISLAM,9798674713296.0,PB,F1-B15-S08,
Anxiety,Serajul ISLAM,9798674713296.0,ADIG,,Audiobook (digital)
Anxiety,Serajul ISLAM,9798674713296.0,PB,F1-B15-S08,
Appointment with Death,Agatha Christie,9781572705234.0,PB,F2-B07-S02,
Appointment with Death,Agatha Christie,9781572705234.0,PB,F2-B07-S02,
Appointment with Death,Agatha Christie,9781572705234.0,LP,F1-B03-S02,Large print edition
Appointment with Death,Agatha Christie,9781572705234.0,ADIG,,Audiobook (digital)
Appointment with Death,Agatha Christie,9781572705234.0,ADIG,,Audiobook (digital)
Artemis Fowl and the Arctic Incident,Eoin Colfer,9780307343109.0,PB,F1-B15-S09,Staff pick
Artemis Fowl and the Arctic Incident,Eoin Colfer,9780307343109.0,PB,F1-B15-S09,Staff pick
Artemis Fowl and the Arctic Incident,Eoin Colfer,9780307343109.0,PB,F1-B15-S09,Staff pick
Artemis Fowl and the Arctic Incident,Eoin Colfer,9780307343109.0,LP,F1-B26-S07,Staff pick; Large print edition
Artemis Fowl and the Atlantis Complex,Eoin Colfer,9780241335659.0,PB,F1-B03-S08,Missing dust jacket
Artemis Fowl and the Atlantis Complex,Eoin Colfer,9780241335659.0,PB,F1-B03-S08,Missing dust jacket
Artemis Fowl and the Atlantis Complex,Eoin Colfer,9780241335659.0,LP,F1-B17-S09,Missing dust jacket; Large print edition
Artemis Fowl and the Atlantis Complex,Eoin Colfer,9780241335659.0,PB,F1-B03-S08,Missing dust jacket
Artemis Fowl and the Atlantis Complex,Eoin Colfer,9780241335659.0,LP,F1-B17-S09,Missing dust jacket; Large print edition
Artemis Fowl and the Eternity Code,Eoin Colfer,9781484443064.0,PB,F2-B17-S05,
Artemis Fowl and the Eternity Code,Eoin Colfer,9781484443064.0,ACD,F0-B01-S04,Audiobook (CD)
Artemis Fowl and the Eternity Code,Eoin Colfer,9781484443064.0,LP,F1-B07-S03,Large print edition
Artemis Fowl and the Eternity Code,Eoin Colfer,9781484443064.0,PB,F2-B17-S05,
Artemis Fowl and the Time Paradox,Eoin Colfer,9781484493984.0,PB,F1-B21-S08,
Artemis Fowl and the Time Paradox,Eoin Colfer,9781484493984.0,PB,F1-B21-S08,
Artemis Fowl and the Time Paradox,Eoin Colfer,9781484493984.0,PB,F1-B21-S08,
Artemis Fowl and the Time Paradox,Eoin Colfer,9781484493984.0,LP,F1-B11-S10,Large print edition
Artemis Fowl. The Lost Colony,Eoin Colfer,9788711312278.0,PB,F2-B15-S02,
Artemis Fowl. The Lost Colony,Eoin Colfer,9788711312278.0,ACD,F1-B23-S05,Audiobook (CD)
Atlantis Found,Clive Cussler,9788401329326.0,PB,F1-B25-S03,Donated copy
Atlantis Found,Clive Cussler,9788401329326.0,ADIG,,Audiobook (digital)
Behind Closed Doors,B.A. Paris,9781250121004.0,PB,F2-B25-S09,
Behind Closed Doors,B.A. Paris,9781250121004.0,PB,F2-B25-S09,
Behind Closed Doors,B.A. Paris,9781250121004.0,PB,F2-B25-S09,
Behind Closed Doors,B.A. Paris,9781250121004.0,PB,F2-B25-S09,
Behind Closed Doors,B.A. Paris,9781250121004.0,PB,F2-B25-S09,
Black Beauty,Anna Sewell,9781530899845.0,PB,F2-B02-S09,
Black Beauty,Anna Sewell,9781530899845.0,ACD,F0-B14-S01,Audiobook (CD)
Black Beauty,Anna Sewell,9781530899845.0,PB,F2-B02-S09,
Black Beauty,Anna Sewell,9781530899845.0,LP,F1-B03-S06,Large print edition
Blindsighted,Karin Slaughter,9781856867757.0,PB,F2-B07-S09,
Blindsighted,Karin Slaughter,9781856867757.0,PB,F2-B07-S09,
Blindsighted,Karin Slaughter,9781856867757.0,LP,F1-B20-S10,Large print edition
Blindsighted,Karin Slaughter,9781856867757.0,LP,F1-B20-S10,Large print edition
Blindsighted,Karin Slaughter,9781856867757.0,PB,F2-B07-S09,
Born a Crime,Trevor Noah,9788960518148.0,PB,F1-B14-S03,
Born a Crime,Trevor Noah,9788960518148.0,LP,F1-B15-S02,Large print edition
Born a Crime,Trevor Noah,9788960518148.0,ACD,F1-B15-S05,Audiobook (CD)
Born a Crime,Trevor Noah,9788960518148.0,LP,F1-B15-S02,Large print edition
Born a Crime,Trevor Noah,9788960518148.0,ADIG,,Audiobook (digital)
Brighton rock,Graham Greene,9780140130263.0,PB,F1-B10-S01,
Brighton rock,Graham Greene,9780140130263.0,PB,F1-B10-S01,
Brighton rock,Graham Greene,9780140130263.0,PB,F1-B10-S01,
Brighton rock,Graham Greene,9780140130263.0,PB,F1-B10-S01,
Brighton rock,Graham Greene,9780140130263.0,PB,F1-B10-S01,
Busman's honeymoon,Dorothy L. Sayers,9781453262320.0,PB,F2-B10-S05,
Busman's honeymoon,Dorothy L. Sayers,9781453262320.0,EBK,,eBook edition
By the Pricking of My Thumbs,Agatha Christie,9780671414948.0,PB,F2-B21-S08,
By the Pricking of My Thumbs,Agatha Christie,9780671414948.0,LP,F1-B22-S10,Large print edition
By the Pricking of My Thumbs,Agatha Christie,9780671414948.0,LP,F1-B22-S10,Large print edition
By the Pricking of My Thumbs,Agatha Christie,9780671414948.0,PB,F2-B21-S08,
By the Pricking of My Thumbs,Agatha Christie,9780671414948.0,ACD,F1-B28-S06,Audiobook (CD)
Cards on the Table,Agatha Christie,9788427285262.0,PB,F2-B16-S09,
Cards on the Table,Agatha Christie,9788427285262.0,PB,F2-B16-S09,
Cards on the Table,Agatha Christie,9788427285262.0,PB,F2-B16-S09,
Cards on the Table,Agatha Christie,9788427285262.0,PB,F2-B16-S09,
Cat & Mouse,James Patterson,9789652867926.0,PB,F1-B10-S06,
Cat & Mouse,James Patterson,9789652867926.0,ADIG,,Audiobook (digital)
Cat & Mouse,James Patterson,9789652867926.0,PB,F1-B10-S06,
Cat & Mouse,James Patterson,9789652867926.0,PB,F1-B10-S06,
Cat Among the Pigeons,Agatha Christie,9780061716461.0,PB,F1-B04-S04,
Cat Among the Pigeons,Agatha Christie,9780061716461.0,PB,F1-B04-S04,
Cat Among the Pigeons,Agatha Christie,9780061716461.0,ACD,F0-B15-S10,Audiobook (CD)
Cat Among the Pigeons,Agatha Christie,9780061716461.0,ADIG,,Audiobook (digital)
Cat Among the Pigeons,Agatha Christie,9780061716461.0,PB,F1-B04-S04,
Cause of Death,Patricia Cornwell,9780751590371.0,PB,F2-B04-S02,
Cause of Death,Patricia Cornwell,9780751590371.0,ADIG,,Audiobook (digital)
Cause of Death,Patricia Cornwell,9780751590371.0,PB,F2-B04-S02,
Cause of Death,Patricia Cornwell,9780751590371.0,ACD,F1-B25-S08,Audiobook (CD)
Ceremony in Death,Nora Roberts,9780340674895.0,PB,F1-B20-S02,
Ceremony in Death,Nora Roberts,9780340674895.0,ADIG,,Audiobook (digital)
Charlie and the Chocolate Factory,Roald Dahl,9780394910116.0,PB,F2-B09-S04,
Charlie and the Chocolate Factory,Roald Dahl,9780394910116.0,PB,F2-B09-S04,
Charlie and the Chocolate Factory,Roald Dahl,9780394910116.0,PB,F2-B09-S04,
Charlie and the Chocolate Factory,Roald Dahl,9780394910116.0,PB,F2-B09-S04,
Charlie and the Chocolate Factory,Roald Dahl,9780394910116.0,PB,F2-B09-S04,
Charlie and the Great Glass Elevator,Roald Dahl,9780241568705.0,PB,F2-B17-S08,
Charlie and the Great Glass Elevator,Roald Dahl,9780241568705.0,PB,F2-B17-S08,
Charlie and the Great Glass Elevator,Roald Dahl,9780241568705.0,ACD,F1-B15-S09,Audiobook (CD)
Charlie and the Great Glass Elevator,Roald Dahl,9780241568705.0,PB,F2-B17-S08,
Charlie and the Great Glass Elevator,Roald Dahl,9780241568705.0,PB,F2-B17-S08,
Charlotte's Web,E. B. White,9788804559511.0,PB,F2-B11-S07,
Charlotte's Web,E. B. White,9788804559511.0,ACD,F1-B18-S03,Audiobook (CD)
"Clarissa; or, The history of a young lady: comprehending the most important concerns of private life; and particularly shewing the distresses that may attend the misconduct both of parents and children, in relation to marriage ..",Samuel Richardson,9781421908670.0,PB,F2-B13-S05,
"Clarissa; or, The history of a young lady: comprehending the most important concerns of private life; and particularly shewing the distresses that may attend the misconduct both of parents and children, in relation to marriage ..",Samuel Richardson,9781421908670.0,PB,F2-B13-S05,
"Clarissa; or, The history of a young lady: comprehending the most important concerns of private life; and particularly shewing the distresses that may attend the misconduct both of parents and children, in relation to marriage ..",Samuel Richardson,9781421908670.0,LP,F1-B05-S07,Large print edition
"Clarissa; or, The history of a young lady: comprehending the most important concerns of private life; and particularly shewing the distresses that may attend the misconduct both of parents and children, in relation to marriage ..",Samuel Richardson,9781421908670.0,PB,F2-B13-S05,
"Clarissa; or, The history of a young lady: comprehending the most important concerns of private life; and particularly shewing the distresses that may attend the misconduct both of parents and children, in relation to marriage ..",Samuel Richardson,9781421908670.0,PB,F2-B13-S05,
Clouds of Witness,Dorothy L. Sayers,9789997530721.0,PB,F1-B22-S06,
Clouds of Witness,Dorothy L. Sayers,9789997530721.0,PB,F1-B22-S06,
Clouds of Witness,Dorothy L. Sayers,9789997530721.0,PB,F1-B22-S06,
Clouds of Witness,Dorothy L. Sayers,9789997530721.0,LP,F1-B10-S02,Large print edition
Crime and criminology,R. D. White,9780195426090.0,PB,F2-B26-S01,
Crime and criminology,R. D. White,9780195426090.0,LP,F1-B03-S09,Large print edition
Crime and criminology,R. D. White,9780195426090.0,PB,F2-B26-S01,
Crime and criminology,R. D. White,9780195426090.0,PB,F2-B26-S01,
Crime and criminology,Sue Titus Reid,9781454855835.0,PB,F2-B15-S02,Donated copy
Crime and criminology,Sue Titus Reid,9781454855835.0,PB,F2-B15-S02,Donated copy
Crime and criminology,Sue Titus Reid,9781454855835.0,PB,F2-B15-S02,Donated copy
Crime and criminology,Sue Titus Reid,9781454855835.0,PB,F2-B15-S02,Donated copy
Crime and Punishment,Фёдор Михайлович Достоевский,9781988120591.0,PB,F1-B16-S04,
Crime and Punishment,Фёдор Михайлович Достоевский,9781988120591.0,ADIG,,Audiobook (digital); Slightly damaged cover
Crime and Punishment,Фёдор Михайлович Достоевский,9781722344054.0,PB,F2-B27-S08,
Crime and Punishment,Фёдор Михайлович Достоевский,9781722344054.0,ACD,F1-B24-S06,Audiobook (CD)
Crime Of Passion,Lynne Graham,9780263841022.0,PB,F1-B21-S04,
Crime Of Passion,Lynne Graham,9780263841022.0,PB,F1-B21-S04,
Crime Of Passion,Lynne Graham,9780263841022.0,PB,F1-B21-S04,
Crime Of Passion,Lynne Graham,9780263841022.0,PB,F1-B21-S04,
Criminalistics,Richard Saferstein,9780132216555.0,PB,F2-B08-S08,
Criminalistics,Richard Saferstein,9780132216555.0,PB,F2-B08-S08,
Criminalistics,Richard Saferstein,9780132216555.0,LP,F1-B05-S08,Large print edition
Criminalistics,Richard Saferstein,9780132216555.0,ADIG,,Audiobook (digital)
Criminalistics,Richard Saferstein,9780132216555.0,PB,F2-B08-S08,
Crooked House,Agatha Christie,9781405678131.0,PB,F1-B13-S10,
Crooked House,Agatha Christie,9781405678131.0,PB,F1-B13-S10,
Crooked House,Agatha Christie,9781405678131.0,ADIG,,Audiobook (digital)
Crooked House,Agatha Christie,9781405678131.0,PB,F1-B13-S10,
Crooked House,Agatha Christie,9781405678131.0,PB,F1-B13-S10,
Cyber Security,Nina Godpole,9788126521791.0,PB,F1-B17-S06,Staff pick
Cyber Security,Nina Godpole,9788126521791.0,ADIG,,Audiobook (digital); Donated copy
Dark Places,Gillian Flynn,9780753827031.0,PB,F1-B02-S07,
Dark Places,Gillian Flynn,9780753827031.0,PB,F1-B02-S07,
Dark Places,Gillian Flynn,9780753827031.0,PB,F1-B02-S07,
Dark Places,Gillian Flynn,9780753827031.0,ACD,F1-B26-S03,Audiobook (CD)
Darkly dreaming Dexter,Jeffry P. Lindsay,9781405610469.0,PB,F2-B05-S10,
Darkly dreaming Dexter,Jeffry P. Lindsay,9781405610469.0,ACD,F0-B13-S10,Audiobook (CD)
Dead Man's Folly,Agatha Christie,9782013919937.0,PB,F1-B14-S01,
Dead Man's Folly,Agatha Christie,9782013919937.0,ACD,F0-B24-S06,Audiobook (CD)
Death Comes as the End,Agatha Christie,9780007354696.0,PB,F1-B03-S05,
Death Comes as the End,Agatha Christie,9780007354696.0,PB,F1-B03-S05,
Death Comes as the End,Agatha Christie,9780007354696.0,ADIG,,Audiobook (digital)
Death Comes as the End,Agatha Christie,9780007354696.0,ACD,F1-B18-S02,Audiobook (CD)
Death Comes as the End,Agatha Christie,9780007354696.0,LP,F1-B10-S02,Large print edition
Death in the Clouds,Agatha Christie,9789794030714.0,PB,F2-B25-S09,
Death in the Clouds,Agatha Christie,9789794030714.0,PB,F2-B25-S09,
Death in the Clouds,Agatha Christie,9789794030714.0,PB,F2-B25-S09,
Death in the Clouds,Agatha Christie,9789794030714.0,ACD,F1-B11-S03,Audiobook (CD)
Death in the Clouds,Agatha Christie,9789794030714.0,PB,F2-B25-S09,
Death on the Nile,Agatha Christie,9780007422289.0,PB,F2-B26-S08,
Death on the Nile,Agatha Christie,9780007422289.0,LP,F1-B21-S08,Large print edition
Death on the Nile,Agatha Christie,9780007422289.0,PB,F2-B26-S08,
Death on the Nile,Agatha Christie,9780007422289.0,PB,F2-B26-S08,
Destination Unknown,Agatha Christie,9780671824655.0,PB,F1-B02-S04,
Destination Unknown,Agatha Christie,9780671824655.0,ADIG,,Audiobook (digital)
Diary of a Wimpy Kid,Jeff Kinney,9788427226241.0,PB,F2-B10-S10,
Diary of a Wimpy Kid,Jeff Kinney,9788427226241.0,PB,F2-B10-S10,
Diary of a Wimpy Kid,Jeff Kinney,9788427226241.0,PB,F2-B10-S10,
Diary of a Wimpy Kid,Jeff Kinney,9788427226241.0,PB,F2-B10-S10,
Diary of a Wimpy Kid,Jeff Kinney,9788427226241.0,ADIG,,Audiobook (digital)
Dictionary of Daily Life in Biblical and Post-Biblical Antiquity,Edwin M. Yamauchi,9781496469304.0,PB,F1-B10-S08,
Dictionary of Daily Life in Biblical and Post-Biblical Antiquity,Edwin M. Yamauchi,9781496469304.0,LP,F1-B04-S01,Large print edition
Different Seasons,Stephen King,9785170027255.0,PB,F2-B22-S10,
Different Seasons,Stephen King,9785170027255.0,PB,F2-B22-S10,
Different Seasons,Stephen King,9785170027255.0,PB,F2-B22-S10,
Different Seasons,Stephen King,9785170027255.0,PB,F2-B22-S10,
Different Seasons,Stephen King,9785170027255.0,PB,F2-B22-S10,
Dirk Gently’s Holistic Detective Agency,Douglas Adams,9780613997157.0,PB,F1-B20-S06,
Dirk Gently’s Holistic Detective Agency,Douglas Adams,9780613997157.0,PB,F1-B20-S06,
Dirk Gently’s Holistic Detective Agency,Douglas Adams,9780613997157.0,PB,F1-B20-S06,
Dirk Gently’s Holistic Detective Agency,Douglas Adams,9780613997157.0,PB,F1-B20-S06,
Dolores Claiborne,Stephen King,9789700504575.0,PB,F2-B21-S07,
Dolores Claiborne,Stephen King,9789700504575.0,PB,F2-B21-S07,
Dolores Claiborne,Stephen King,9789700504575.0,PB,F2-B21-S07,
Dolores Claiborne,Stephen King,9789700504575.0,PB,F2-B21-S07,
Dorothy and the Wizard in Oz,L. Frank Baum,9780665789632.0,PB,F2-B15-S10,
Dorothy and the Wizard in Oz,L. Frank Baum,9780665789632.0,PB,F2-B15-S10,
Dorothy and the Wizard in Oz,L. Frank Baum,9780665789632.0,ACD,F1-B10-S05,Audiobook (CD)
Dorothy and the Wizard in Oz,L. Frank Baum,9780665789632.0,PB,F2-B15-S10,
Dorothy and the Wizard in Oz,L. Frank Baum,9780665789632.0,PB,F2-B15-S10,
Dragon Ball Z; Thank You,鳥山 明 [Akira Toriyama],9781415657690.0,PB,F2-B01-S02,
Dragon Ball Z; Thank You,鳥山 明 [Akira Toriyama],9781415657690.0,LP,F1-B12-S07,Large print edition
Dragon Ball Z; Thank You,鳥山 明 [Akira Toriyama],9781415657690.0,ADIG,,Audiobook (digital)
Dragon Ball Z; Thank You,鳥山 明 [Akira Toriyama],9781415657690.0,PB,F2-B01-S02,
Dragon Ball Z; Thank You,鳥山 明 [Akira Toriyama],9781415657690.0,PB,F2-B01-S02,
Elephants Can Remember,Agatha Christie,9789573248033.0,PB,F1-B03-S07,
Elephants Can Remember,Agatha Christie,9789573248033.0,EBK,,eBook edition
Emily of New Moon,Lucy Maud Montgomery,9780486841892.0,PB,F1-B12-S06,
Emily of New Moon,Lucy Maud Montgomery,9780486841892.0,ACD,F0-B22-S05,Audiobook (CD)
Empire of Pain,Patrick Radden Keefe,9788417339739.0,PB,F1-B16-S10,
Empire of Pain,Patrick Radden Keefe,9788417339739.0,PB,F1-B16-S10,
Empire of Pain,Patrick Radden Keefe,9788417339739.0,PB,F1-B16-S10,
Empire of Pain,Patrick Radden Keefe,9788417339739.0,PB,F1-B16-S10,
End of Watch,Stephen King,9781473634039.0,PB,F1-B18-S03,
End of Watch,Stephen King,9781473634039.0,PB,F1-B18-S03,
End of Watch,Stephen King,9781473634039.0,LP,F1-B22-S05,Large print edition
End of Watch,Stephen King,9781473634039.0,PB,F1-B18-S03,
Endless Night,Agatha Christie,9780671425111.0,PB,F2-B22-S09,
Endless Night,Agatha Christie,9780671425111.0,PB,F2-B22-S09,
Endless Night,Agatha Christie,9780671425111.0,PB,F2-B22-S09,
Endless Night,Agatha Christie,9780671425111.0,PB,F2-B22-S09,
Endless Night,Agatha Christie,9780671425111.0,PB,F2-B22-S09,
Evil Under the Sun,Agatha Christie,9780007119264.0,PB,F2-B17-S05,
Evil Under the Sun,Agatha Christie,9780007119264.0,PB,F2-B17-S05,
Evil Under the Sun,Agatha Christie,9780007119264.0,PB,F2-B17-S05,
Evil Under the Sun,Agatha Christie,9780007119264.0,ACD,F1-B15-S01,Audiobook (CD)
Fantastic Beasts,J. K. Rowling,9780751578287.0,PB,F2-B12-S05,
Fantastic Beasts,J. K. Rowling,9780751578287.0,PB,F2-B12-S05,
Fantastic Beasts,J. K. Rowling,9780751578287.0,PB,F2-B12-S05,
Fantastic Beasts,J. K. Rowling,9780751578287.0,PB,F2-B12-S05,
Fantastic Beasts,J. K. Rowling,9780751578287.0,PB,F2-B12-S05,
Fantastic Mr Fox,Roald Dahl,9782070552689.0,PB,F2-B28-S05,
Fantastic Mr Fox,Roald Dahl,9782070552689.0,PB,F2-B28-S05,
Fantastic Mr Fox,Roald Dahl,9782070552689.0,PB,F2-B28-S05,
Fantastic Mr Fox,Roald Dahl,9782070552689.0,PB,F2-B28-S05,
Glory in Death,Nora Roberts,9780425150986.0,PB,F2-B10-S01,
Glory in Death,Nora Roberts,9780425150986.0,EBK,,eBook edition
Great Expectations,Charles Dickens,9781409061137.0,PB,F2-B11-S06,Staff pick
Great Expectations,Charles Dickens,9781409061137.0,LP,F1-B28-S03,Large print edition
Greenmantle,John Buchan,9781461022862.0,PB,F1-B16-S05,Staff pick
Greenmantle,John Buchan,9781461022862.0,PB,F1-B16-S05,Staff pick
Greenmantle,John Buchan,9781461022862.0,ACD,F0-B08-S03,Staff pick; Audiobook (CD)
Greenmantle,John Buchan,9781461022862.0,ADIG,,Staff pick; Audiobook (digital)
Greenmantle,John Buchan,9781461022862.0,PB,F1-B16-S05,Staff pick
Guess How Much I Love You,Sam McBratney,9783794151257.0,PB,F1-B08-S03,
Guess How Much I Love You,Sam McBratney,9783794151257.0,EBK,,eBook edition
Hallowe'en Party,Agatha Christie,9780008256142.0,PB,F1-B27-S07,
Hallowe'en Party,Agatha Christie,9780008256142.0,ADIG,,Audiobook (digital)
Harry Potter and the Chamber of Secrets,J. K. Rowling,9781856136129.0,PB,F2-B11-S09,
Harry Potter and the Chamber of Secrets,J. K. Rowling,9781856136129.0,ACD,F1-B14-S01,Audiobook (CD)
Harry Potter and the Deathly Hallows,J. K. Rowling,9785389077928.0,PB,F2-B27-S02,
Harry Potter and the Deathly Hallows,J. K. Rowling,9785389077928.0,PB,F2-B27-S02,
Harry Potter and the Deathly Hallows,J. K. Rowling,9785389077928.0,PB,F2-B27-S02,
Harry Potter and the Deathly Hallows,J. K. Rowling,9785389077928.0,LP,F1-B28-S05,Large print edition
Harry Potter and the Goblet of Fire,J. K. Rowling,9789750803314.0,PB,F1-B01-S05,
Harry Potter and the Goblet of Fire,J. K. Rowling,9789750803314.0,EBK,,eBook edition
Harry Potter and the Order of the Phoenix,J. K. Rowling,9780747570738.0,PB,F1-B19-S04,
Harry Potter and the Order of the Phoenix,J. K. Rowling,9780747570738.0,ACD,F1-B04-S02,Audiobook (CD)
Harry Potter and the Order of the Phoenix,J. K. Rowling,9780747570738.0,PB,F1-B19-S04,
Harry Potter and the Order of the Phoenix,J. K. Rowling,9780747570738.0,PB,F1-B19-S04,
Harry Potter and the Philosopher's Stone,J. K. Rowling,9757501956008.0,PB,F2-B23-S05,
Harry Potter and the Philosopher's Stone,J. K. Rowling,9757501956008.0,LP,F1-B06-S10,Large print edition; Missing dust jacket
Harry Potter and the Prisoner of Azkaban,J. K. Rowling,9788418174261.0,PB,F1-B08-S01,
Harry Potter and the Prisoner of Azkaban,J. K. Rowling,9788418174261.0,PB,F1-B08-S01,
Harry Potter and the Prisoner of Azkaban,J. K. Rowling,9788418174261.0,PB,F1-B08-S01,
Harry Potter and the Prisoner of Azkaban,J. K. Rowling,9788418174261.0,ACD,F0-B22-S02,Audiobook (CD)
Heinemann Mathematics,Scottish Primary Mathematics Group,9780435028480.0,PB,F1-B10-S09,
Heinemann Mathematics,Scottish Primary Mathematics Group,9780435028480.0,ADIG,,Audiobook (digital); Slightly damaged cover
Hercule Poirot's Christmas,Agatha Christie,9780553119251.0,PB,F2-B03-S01,Staff pick
Hercule Poirot's Christmas,Agatha Christie,9780553119251.0,EBK,,eBook edition
Hickory Dickory Death,Agatha Christie,9789504908043.0,PB,F2-B26-S04,
Hickory Dickory Death,Agatha Christie,9789504908043.0,EBK,,eBook edition
His Last Bow [8 stories],Arthur Conan Doyle,9798774492824.0,PB,F2-B19-S05,
His Last Bow [8 stories],Arthur Conan Doyle,9798774492824.0,ACD,F1-B23-S05,Audiobook (CD)
"History of Cleopatra, queen of Egypt",Jacob Abbott,9781554456253.0,PB,F1-B10-S08,
"History of Cleopatra, queen of Egypt",Jacob Abbott,9781554456253.0,PB,F1-B10-S08,
"History of Cleopatra, queen of Egypt",Jacob Abbott,9781554456253.0,PB,F1-B10-S08,
"History of Cleopatra, queen of Egypt",Jacob Abbott,9781554456253.0,PB,F1-B10-S08,
"History of Cleopatra, queen of Egypt",Jacob Abbott,9781554456253.0,PB,F1-B10-S08,
Hitchcock,François Truffaut,9783453861411.0,PB,F2-B08-S08,
Hitchcock,François Truffaut,9783453861411.0,PB,F2-B08-S08,
Hitchcock,François Truffaut,9783453861411.0,PB,F2-B08-S08,
Hitchcock,François Truffaut,9783453861411.0,PB,F2-B08-S08,
Houghton Mifflin Vocabulary Readers,Houghton Mifflin Company Staff,9780618673254.0,PB,F2-B04-S09,
Houghton Mifflin Vocabulary Readers,Houghton Mifflin Company Staff,9780618673254.0,LP,F1-B07-S04,Large print edition; Staff pick
Hour Game,David Baldacci,9781600242182.0,PB,F2-B26-S01,
Hour Game,David Baldacci,9781600242182.0,ACD,F0-B11-S03,Audiobook (CD)
Hour Game,David Baldacci,9781600242182.0,PB,F2-B26-S01,
Hour Game,David Baldacci,9781600242182.0,LP,F1-B09-S03,Large print edition
Hour Game,David Baldacci,9781600242182.0,LP,F1-B09-S03,Large print edition
I am the Cheese,Robert Cormier,9780440940609.0,PB,F2-B08-S04,
I am the Cheese,Robert Cormier,9780440940609.0,ADIG,,Audiobook (digital); Staff pick
I Have No Mouth and I Must Scream,Harlan Ellison,9780441363957.0,PB,F1-B22-S06,Donated copy
I Have No Mouth and I Must Scream,Harlan Ellison,9780441363957.0,PB,F1-B22-S06,Donated copy
I Have No Mouth and I Must Scream,Harlan Ellison,9780441363957.0,PB,F1-B22-S06,Donated copy
I Have No Mouth and I Must Scream,Harlan Ellison,9780441363957.0,ACD,F1-B17-S05,Donated copy; Audiobook (CD)
Immortal in death,Nora Roberts,9780753173817.0,PB,F1-B28-S03,
Immortal in death,Nora Roberts,9780753173817.0,PB,F1-B28-S03,
Immortal in death,Nora Roberts,9780753173817.0,PB,F1-B28-S03,
Immortal in death,Nora Roberts,9780753173817.0,ADIG,,Audiobook (digital)
Implementation of the Helsinki accords,United States. Congress. Commission on Security and Cooperation in Europe,9780160375903.0,PB,F1-B01-S02,
Implementation of the Helsinki accords,United States. Congress. Commission on Security and Cooperation in Europe,9780160375903.0,PB,F1-B01-S02,
Implementation of the Helsinki accords,United States. Congress. Commission on Security and Cooperation in Europe,9780160375903.0,PB,F1-B01-S02,
Implementation of the Helsinki accords,United States. Congress. Commission on Security and Cooperation in Europe,9780160375903.0,LP,F1-B02-S06,Large print edition
"In a Dark, Dark Wood",Ruth Ware,9780099598244.0,LP,F1-B25-S04,Large print edition
In Cold Blood,Truman Capote,9780451099587.0,PB,F1-B23-S05,
In Cold Blood,Truman Capote,9780451099587.0,LP,F1-B26-S10,Large print edition
In the Woods,Tana French,9781429534314.0,PB,F2-B11-S03,
In the Woods,Tana French,9781429534314.0,LP,F1-B23-S02,Large print edition
In the Woods,Tana French,9781429534314.0,PB,F2-B11-S03,
In the Woods,Tana French,9781429534314.0,PB,F2-B11-S03,
It's Trevor Noah,Trevor Noah,9780525582175.0,PB,F2-B05-S05,
It's Trevor Noah,Trevor Noah,9780525582175.0,ADIG,,Audiobook (digital)
Jacob's Room,Virginia Woolf,9780141915418.0,PB,F1-B03-S01,
Jacob's Room,Virginia Woolf,9780141915418.0,ACD,F0-B14-S08,Audiobook (CD)
Jacob's Room,Virginia Woolf,9780141915418.0,LP,F1-B14-S06,Large print edition
Jacob's Room,Virginia Woolf,9780141915418.0,PB,F1-B03-S01,
Jacob's Room,Virginia Woolf,9780141915418.0,PB,F1-B03-S01,
James and the Giant Peach,Roald Dahl,9780553151138.0,PB,F2-B19-S03,
James and the Giant Peach,Roald Dahl,9780553151138.0,LP,F1-B26-S03,Large print edition
James and the Giant Peach,Roald Dahl,9780553151138.0,ACD,F0-B02-S05,Audiobook (CD)
James and the Giant Peach,Roald Dahl,9780553151138.0,PB,F2-B19-S03,
Jo's Boys,Louisa May Alcott,9781412165068.0,PB,F2-B17-S03,
Jo's Boys,Louisa May Alcott,9781412165068.0,PB,F2-B17-S03,
Jo's Boys,Louisa May Alcott,9781412165068.0,ADIG,,Audiobook (digital)
Jo's Boys,Louisa May Alcott,9781412165068.0,PB,F2-B17-S03,
Jo's Boys,Louisa May Alcott,9781412165068.0,PB,F2-B17-S03,
Just Mercy,Bryan Stevenson,9780593133934.0,PB,F1-B20-S03,
Just Mercy,Bryan Stevenson,9780593133934.0,PB,F1-B20-S03,
Just Mercy,Bryan Stevenson,9780593133934.0,PB,F1-B20-S03,
Just Mercy,Bryan Stevenson,9780593133934.0,ACD,F0-B19-S06,Audiobook (CD)
Just Mercy,Bryan Stevenson,9780593133934.0,PB,F1-B20-S03,
Just So Stories,Rudyard Kipling,9798451898277.0,PB,F2-B11-S01,
Just So Stories,Rudyard Kipling,9798451898277.0,LP,F1-B19-S01,Large print edition
Just So Stories,Rudyard Kipling,9798451898277.0,ADIG,,Audiobook (digital)
Just So Stories,Rudyard Kipling,9798451898277.0,PB,F2-B11-S01,
Kill Alex Cross,James Patterson,9780099550044.0,PB,F2-B25-S06,
Kill Alex Cross,James Patterson,9780099550044.0,ACD,F0-B10-S07,Audiobook (CD)
Killers of the Flower Moon,David Grann,9781398528482.0,PB,F2-B16-S08,
Killers of the Flower Moon,David Grann,9781398528482.0,LP,F1-B15-S02,Large print edition
Killers of the Flower Moon,David Grann,9781398528482.0,PB,F2-B16-S08,
Killers of the Flower Moon,David Grann,9781398528482.0,PB,F2-B16-S08,
Killing for Company,Brian Masters,9780679424253.0,PB,F2-B01-S09,
Killing for Company,Brian Masters,9780679424253.0,PB,F2-B01-S09,
Killing for Company,Brian Masters,9780679424253.0,PB,F2-B01-S09,
Killing for Company,Brian Masters,9780679424253.0,PB,F2-B01-S09,
Killing for Company,Brian Masters,9780679424253.0,PB,F2-B01-S09,
Labyrinths,Jorge Luis Borges,9780811200127.0,PB,F2-B01-S03,
Labyrinths,Jorge Luis Borges,9780811200127.0,ACD,F0-B06-S03,Audiobook (CD)
Labyrinths,Jorge Luis Borges,9780811200127.0,PB,F2-B01-S03,
Labyrinths,Jorge Luis Borges,9780811200127.0,LP,F1-B24-S08,Large print edition
Little Brother,Cory Doctorow,9780902756670.0,PB,F1-B12-S04,
Little Brother,Cory Doctorow,9780902756670.0,PB,F1-B12-S04,
Little Brother,Cory Doctorow,9780902756670.0,PB,F1-B12-S04,
Little Brother,Cory Doctorow,9780902756670.0,PB,F1-B12-S04,
Little House in the Big Woods,Laura Ingalls Wilder,9788949140285.0,PB,F1-B06-S01,
Little House in the Big Woods,Laura Ingalls Wilder,9788949140285.0,PB,F1-B06-S01,
Little House in the Big Woods,Laura Ingalls Wilder,9788949140285.0,PB,F1-B06-S01,
Little House in the Big Woods,Laura Ingalls Wilder,9788949140285.0,PB,F1-B06-S01,
Little House in the Big Woods,Laura Ingalls Wilder,9788949140285.0,LP,F1-B11-S02,Large print edition
Little House on the Prairie,Laura Ingalls Wilder,9780749709303.0,PB,F2-B13-S10,
Little House on the Prairie,Laura Ingalls Wilder,9780749709303.0,PB,F2-B13-S10,
Little House on the Prairie,Laura Ingalls Wilder,9780749709303.0,PB,F2-B13-S10,
Little House on the Prairie,Laura Ingalls Wilder,9780749709303.0,PB,F2-B13-S10,
Little House on the Prairie,Laura Ingalls Wilder,9780749709303.0,PB,F2-B13-S10,
"Mary, Mary",James Patterson,9780466619035.0,PB,F2-B24-S05,
"Mary, Mary",James Patterson,9780466619035.0,PB,F2-B24-S05,
"Mary, Mary",James Patterson,9780466619035.0,PB,F2-B24-S05,
"Mary, Mary",James Patterson,9780466619035.0,ADIG,,Audiobook (digital)
"Mary, Mary",James Patterson,9780466619035.0,ADIG,,Audiobook (digital)
Master of the Game,Sidney Sheldon,9785237047516.0,PB,F1-B08-S07,
Master of the Game,Sidney Sheldon,9785237047516.0,PB,F1-B08-S07,
Master of the Game,Sidney Sheldon,9785237047516.0,PB,F1-B08-S07,
Master of the Game,Sidney Sheldon,9785237047516.0,ADIG,,Audiobook (digital)
Memoirs of Sherlock Holmes [11 stories],Arthur Conan Doyle,9781980881995.0,PB,F2-B03-S09,Staff pick
Memoirs of Sherlock Holmes [11 stories],Arthur Conan Doyle,9781980881995.0,ACD,F1-B13-S07,Staff pick; Audiobook (CD)
Memoirs of Sherlock Holmes [11 stories],Arthur Conan Doyle,9781980881995.0,PB,F2-B03-S09,Staff pick
Memoirs of Sherlock Holmes [11 stories],Arthur Conan Doyle,9781980881995.0,LP,F1-B11-S07,Staff pick; Large print edition
Memoirs of Sherlock Holmes [11 stories],Arthur Conan Doyle,9781980881995.0,PB,F2-B03-S09,Staff pick
Men Explain Things To Me,Rebecca Solnit,9782823612585.0,PB,F1-B05-S01,
Men Explain Things To Me,Rebecca Solnit,9782823612585.0,ADIG,,Audiobook (digital)
Men Explain Things To Me,Rebecca Solnit,9782823612585.0,ACD,F0-B12-S04,Audiobook (CD)
Men Explain Things To Me,Rebecca Solnit,9782823612585.0,PB,F1-B05-S01,
Men Explain Things To Me,Rebecca Solnit,9782823612585.0,PB,F1-B05-S01,
Midnight in the Garden of Good and Evil,John Berendt,9780679449447.0,PB,F1-B28-S02,Replacement case
Midnight in the Garden of Good and Evil,John Berendt,9780679449447.0,PB,F1-B28-S02,Replacement case
Midnight in the Garden of Good and Evil,John Berendt,9780679449447.0,PB,F1-B28-S02,Replacement case
Midnight in the Garden of Good and Evil,John Berendt,9780679449447.0,LP,F1-B22-S02,Replacement case; Large print edition
Monkey Wrench Gang (2233),Edward Abbey,9780860721352.0,PB,F1-B15-S01,Popular title - keep on display
Monkey Wrench Gang (2233),Edward Abbey,9780860721352.0,ACD,F1-B22-S02,Popular title - keep on display; Audiobook (CD)
Monkey Wrench Gang (2233),Edward Abbey,9780860721352.0,LP,F1-B23-S08,Popular title - keep on display; Large print edition
Monkey Wrench Gang (2233),Edward Abbey,9780860721352.0,ACD,F1-B22-S02,Popular title - keep on display; Audiobook (CD)
Monkey Wrench Gang (2233),Edward Abbey,9780860721352.0,PB,F1-B15-S01,Popular title - keep on display
Mother Night,Kurt Vonnegut,9780440558538.0,PB,F2-B25-S08,
Mother Night,Kurt Vonnegut,9780440558538.0,ADIG,,Audiobook (digital)
Mother Night,Kurt Vonnegut,9780440558538.0,PB,F2-B25-S08,
Mother Night,Kurt Vonnegut,9780440558538.0,PB,F2-B25-S08,
Mother Night,Kurt Vonnegut,9780440558538.0,PB,F2-B25-S08,
Mr. Justice Raffles,E. W. Hornung,9781796995190.0,PB,F1-B14-S10,
Mr. Justice Raffles,E. W. Hornung,9781796995190.0,PB,F1-B14-S10,
Mr. Justice Raffles,E. W. Hornung,9781796995190.0,PB,F1-B14-S10,
Mr. Justice Raffles,E. W. Hornung,9781796995190.0,PB,F1-B14-S10,
Mr. Justice Raffles,E. W. Hornung,9781796995190.0,PB,F1-B14-S10,
Mrs. McGinty's Dead,Agatha Christie,9780671802912.0,PB,F2-B20-S03,
Mrs. McGinty's Dead,Agatha Christie,9780671802912.0,PB,F2-B20-S03,
Mrs. McGinty's Dead,Agatha Christie,9780671802912.0,PB,F2-B20-S03,
Mrs. McGinty's Dead,Agatha Christie,9780671802912.0,PB,F2-B20-S03,
Mrs. McGinty's Dead,Agatha Christie,9780671802912.0,PB,F2-B20-S03,
Much Ado About Nothing,William Shakespeare,9781402207778.0,PB,F1-B23-S04,
Much Ado About Nothing,William Shakespeare,9781402207778.0,LP,F1-B08-S07,Large print edition; Staff pick
Murder on the Links,Agatha Christie,9783596166572.0,PB,F2-B28-S03,
Murder on the Links,Agatha Christie,9783596166572.0,EBK,,eBook edition
Murder on the Orient Express,Agatha Christie,9781724929716.0,PB,F1-B12-S09,
Murder on the Orient Express,Agatha Christie,9781724929716.0,PB,F1-B12-S09,
Murder on the Orient Express,Agatha Christie,9781724929716.0,PB,F1-B12-S09,
Murder on the Orient Express,Agatha Christie,9781724929716.0,PB,F1-B12-S09,
My life in crime,John Kiriamiti,9789966566010.0,PB,F2-B09-S01,
My life in crime,John Kiriamiti,9789966566010.0,EBK,,eBook edition
N or M?,Agatha Christie,9780062449931.0,PB,F1-B13-S05,
N or M?,Agatha Christie,9780062449931.0,PB,F1-B13-S05,
N or M?,Agatha Christie,9780062449931.0,PB,F1-B13-S05,
N or M?,Agatha Christie,9780062449931.0,PB,F1-B13-S05,
Naked in Death,Nora Roberts,9780399151576.0,PB,F1-B04-S04,
Naked in Death,Nora Roberts,9780399151576.0,PB,F1-B04-S04,
Naked in Death,Nora Roberts,9780399151576.0,PB,F1-B04-S04,
Naked in Death,Nora Roberts,9780399151576.0,PB,F1-B04-S04,
Naked in Death,Nora Roberts,9780399151576.0,PB,F1-B04-S04,
Native Son,Richard Wright,9780451025982.0,PB,F1-B10-S10,
Native Son,Richard Wright,9780451025982.0,ACD,F1-B24-S03,Audiobook (CD)
Native Son,Richard Wright,9780451025982.0,LP,F1-B04-S03,Large print edition
Native Son,Richard Wright,9780451025982.0,ACD,F1-B24-S03,Audiobook (CD)
Nightmares & Dreamscapes,Stephen King,9788878249455.0,PB,F1-B12-S07,
Nightmares & Dreamscapes,Stephen King,9788878249455.0,ADIG,,Audiobook (digital)
Nightmares & Dreamscapes,Stephen King,9788878249455.0,PB,F1-B12-S07,
Nightmares & Dreamscapes,Stephen King,9788878249455.0,PB,F1-B12-S07,
Northern Lights,Philip Pullman,9789722361606.0,PB,F2-B21-S08,
Northern Lights,Philip Pullman,9789722361606.0,LP,F1-B16-S06,Large print edition
"Not a Penny More, Not a Penny Less",Jeffrey Archer,9780061007354.0,PB,F1-B25-S03,
"Not a Penny More, Not a Penny Less",Jeffrey Archer,9780061007354.0,PB,F1-B25-S03,
"Not a Penny More, Not a Penny Less",Jeffrey Archer,9780061007354.0,LP,F1-B17-S09,Large print edition
"Not a Penny More, Not a Penny Less",Jeffrey Archer,9780061007354.0,PB,F1-B25-S03,
On the Beach,Nevil Shute,9798411443691.0,PB,F1-B13-S08,
On the Beach,Nevil Shute,9798411443691.0,PB,F1-B13-S08,
On the Beach,Nevil Shute,9798411443691.0,ACD,F0-B11-S02,Audiobook (CD)
On the Beach,Nevil Shute,9798411443691.0,PB,F1-B13-S08,
On the Beach,Nevil Shute,9798411443691.0,ACD,F0-B11-S02,Audiobook (CD)
"One, Two, Buckle My Shoe",Agatha Christie,9783502559801.0,PB,F2-B26-S09,
"One, Two, Buckle My Shoe",Agatha Christie,9783502559801.0,PB,F2-B26-S09,
"One, Two, Buckle My Shoe",Agatha Christie,9783502559801.0,PB,F2-B26-S09,
"One, Two, Buckle My Shoe",Agatha Christie,9783502559801.0,PB,F2-B26-S09,
"One, Two, Buckle My Shoe",Agatha Christie,9783502559801.0,PB,F2-B26-S09,
Ordeal by Innocence,Agatha Christie,9780061002786.0,PB,F1-B15-S06,
Ordeal by Innocence,Agatha Christie,9780061002786.0,PB,F1-B15-S06,
Ordeal by Innocence,Agatha Christie,9780061002786.0,PB,F1-B15-S06,
Ordeal by Innocence,Agatha Christie,9780061002786.0,PB,F1-B15-S06,
Ozma of Oz,L. Frank Baum,9781975934972.0,PB,F1-B05-S03,Slightly damaged cover
Ozma of Oz,L. Frank Baum,9781975934972.0,ADIG,,Audiobook (digital)
Partners in Crime,Agatha Christie,9780007111503.0,PB,F1-B06-S07,
Partners in Crime,Agatha Christie,9780007111503.0,ADIG,,Audiobook (digital)
Peril at End House,Agatha Christie,9781014285973.0,PB,F2-B04-S09,
Peril at End House,Agatha Christie,9781014285973.0,LP,F1-B20-S07,Large print edition
Peril at End House,Agatha Christie,9781014285973.0,ADIG,,Audiobook (digital)
Peril at End House,Agatha Christie,9781014285973.0,PB,F2-B04-S09,
Peril at End House,Agatha Christie,9781014285973.0,PB,F2-B04-S09,
Poirot investigates,Agatha Christie,9798737533328.0,PB,F2-B03-S04,
Poirot investigates,Agatha Christie,9798737533328.0,ACD,F0-B01-S06,Audiobook (CD)
Poirot investigates,Agatha Christie,9798737533328.0,PB,F2-B03-S04,
Poirot investigates,Agatha Christie,9798737533328.0,PB,F2-B03-S04,
Poirot investigates,Agatha Christie,9798737533328.0,PB,F2-B03-S04,
Poirot's Early Cases,Agatha Christie,9780060790226.0,PB,F1-B28-S02,
Poirot's Early Cases,Agatha Christie,9780060790226.0,LP,F1-B25-S07,Large print edition
Postern of Fate,Agatha Christie,9780062006691.0,PB,F1-B19-S04,
Postern of Fate,Agatha Christie,9780062006691.0,PB,F1-B19-S04,
Postern of Fate,Agatha Christie,9780062006691.0,PB,F1-B19-S04,
Postern of Fate,Agatha Christie,9780062006691.0,PB,F1-B19-S04,
Psychopathia sexualis,Richard von Krafft-Ebing,9780341964117.0,PB,F1-B05-S03,
Psychopathia sexualis,Richard von Krafft-Ebing,9780341964117.0,ACD,F1-B20-S02,Audiobook (CD); Donated copy
Roses Are Red,James Patterson,9780755381241.0,PB,F1-B03-S01,
Roses Are Red,James Patterson,9780755381241.0,PB,F1-B03-S01,
Roses Are Red,James Patterson,9780755381241.0,ADIG,,Audiobook (digital)
Roses Are Red,James Patterson,9780755381241.0,PB,F1-B03-S01,
Sad Cypress,Agatha Christie,9780854566907.0,PB,F1-B09-S02,
Sad Cypress,Agatha Christie,9780854566907.0,ACD,F0-B24-S09,Audiobook (CD)
Sanctuary,William Faulkner,9788402086556.0,PB,F2-B13-S04,
Sanctuary,William Faulkner,9788402086556.0,LP,F1-B07-S03,Large print edition
Sanctuary,William Faulkner,9788402086556.0,ACD,F0-B25-S02,Audiobook (CD)
Sanctuary,William Faulkner,9788402086556.0,PB,F2-B13-S04,
Sharp Objects,Gillian Flynn,9780307341549.0,PB,F1-B03-S07,
Sharp Objects,Gillian Flynn,9780307341549.0,PB,F1-B03-S07,
Sharp Objects,Gillian Flynn,9780307341549.0,LP,F1-B19-S04,Large print edition
Sharp Objects,Gillian Flynn,9780307341549.0,PB,F1-B03-S07,
Sharp Objects,Gillian Flynn,9780307341549.0,ADIG,,Audiobook (digital)
Split Second,David Baldacci,9781405033725.0,PB,F2-B04-S10,
Split Second,David Baldacci,9781405033725.0,PB,F2-B04-S10,
Split Second,David Baldacci,9781405033725.0,PB,F2-B04-S10,
Split Second,David Baldacci,9781405033725.0,PB,F2-B04-S10,
Split Second,David Baldacci,9781405033725.0,ACD,F0-B25-S06,Audiobook (CD)
Still Life (A Three Pines Mystery),Louise Penny,9781429967235.0,PB,F2-B11-S09,
Still Life (A Three Pines Mystery),Louise Penny,9781429967235.0,PB,F2-B11-S09,
Still Life (A Three Pines Mystery),Louise Penny,9781429967235.0,PB,F2-B11-S09,
Still Life (A Three Pines Mystery),Louise Penny,9781429967235.0,PB,F2-B11-S09,
Still Life (A Three Pines Mystery),Louise Penny,9781429967235.0,ACD,F1-B10-S02,Audiobook (CD)
Storm Front,Jim Butcher,9781429583886.0,PB,F2-B06-S10,
Storm Front,Jim Butcher,9781429583886.0,PB,F2-B06-S10,
Storm Front,Jim Butcher,9781429583886.0,PB,F2-B06-S10,
Storm Front,Jim Butcher,9781429583886.0,PB,F2-B06-S10,
Storm Front,Jim Butcher,9781429583886.0,ADIG,,Audiobook (digital)
Strangers On a Train,Patricia Highsmith,9780582418127.0,PB,F2-B20-S04,
Strangers On a Train,Patricia Highsmith,9780582418127.0,PB,F2-B20-S04,
Strangers On a Train,Patricia Highsmith,9780582418127.0,PB,F2-B20-S04,
Strangers On a Train,Patricia Highsmith,9780582418127.0,ACD,F1-B08-S07,Audiobook (CD)
Study Guide,SuperSummary,9798404017427.0,PB,F2-B22-S09,
Study Guide,SuperSummary,9798404017427.0,ADIG,,Audiobook (digital)
Taken at the Flood,Agatha Christie,9780563530404.0,PB,F1-B08-S09,
Taken at the Flood,Agatha Christie,9780563530404.0,PB,F1-B08-S09,
Taken at the Flood,Agatha Christie,9780563530404.0,PB,F1-B08-S09,
Taken at the Flood,Agatha Christie,9780563530404.0,LP,F1-B05-S10,Large print edition
Taken at the Flood,Agatha Christie,9780563530404.0,PB,F1-B08-S09,
Taking charge of adult ADHD,Russell Barkley,9781462547531.0,PB,F2-B14-S08,
Taking charge of adult ADHD,Russell Barkley,9781462547531.0,LP,F1-B26-S10,Large print edition
Taking charge of adult ADHD,Russell Barkley,9781462547531.0,LP,F1-B26-S10,Large print edition
Taking charge of adult ADHD,Russell Barkley,9781462547531.0,LP,F1-B26-S10,Large print edition
Tattoo Coloring Book for Adult,Dream Paris,9798562456830.0,PB,F2-B06-S05,
Tattoo Coloring Book for Adult,Dream Paris,9798562456830.0,ACD,F0-B02-S06,Audiobook (CD)
Tattoo Coloring Book for Adults,Jenny Olsen,9798556546882.0,PB,F2-B20-S09,
Tattoo Coloring Book for Adults,Jenny Olsen,9798556546882.0,PB,F2-B20-S09,
Tattoo Coloring Book for Adults,Jenny Olsen,9798556546882.0,ACD,F0-B10-S10,Audiobook (CD)
Tattoo Coloring Book for Adults,Jenny Olsen,9798556546882.0,PB,F2-B20-S09,
The  black arrow,Robert Louis Stevenson,9780684188973.0,PB,F2-B09-S09,
The  black arrow,Robert Louis Stevenson,9780684188973.0,LP,F1-B06-S05,Large print edition
The  black arrow,Robert Louis Stevenson,9780684188973.0,LP,F1-B06-S05,Large print edition
The  black arrow,Robert Louis Stevenson,9780684188973.0,PB,F2-B09-S09,
The 57 Bus,Dashka Slater,9781432849269.0,PB,F1-B05-S06,
The 57 Bus,Dashka Slater,9781432849269.0,ADIG,,Audiobook (digital)
The 57 Bus,Dashka Slater,9781432849269.0,PB,F1-B05-S06,
The 57 Bus,Dashka Slater,9781432849269.0,PB,F1-B05-S06,
The 6th Target,James Patterson,9780755349319.0,PB,F2-B22-S04,Slightly damaged cover
The 6th Target,James Patterson,9780755349319.0,EBK,,eBook edition
The Adventure of the Christmas Pudding,Agatha Christie,9789997508928.0,PB,F1-B10-S06,
The Adventure of the Christmas Pudding,Agatha Christie,9789997508928.0,ACD,F0-B18-S04,Audiobook (CD)
The Adventure of the Christmas Pudding,Agatha Christie,9789997508928.0,PB,F1-B10-S06,
The Adventure of the Christmas Pudding,Agatha Christie,9789997508928.0,ADIG,,Audiobook (digital)
The Adventures of Sherlock Holmes [12 stories],Arthur Conan Doyle,9781077870963.0,PB,F1-B02-S05,
The Adventures of Sherlock Holmes [12 stories],Arthur Conan Doyle,9781077870963.0,LP,F1-B14-S02,Large print edition
The Adventures of Sherlock Holmes [12 stories],Arthur Conan Doyle,9781077870963.0,ADIG,,Audiobook (digital)
The Adventures of Sherlock Holmes [12 stories],Arthur Conan Doyle,9781077870963.0,PB,F1-B02-S05,
The Adventures of Sherlock Holmes [12 stories],Arthur Conan Doyle,9781077870963.0,ACD,F0-B14-S10,Audiobook (CD)
The Alhambra,Washington Irving,9781530411870.0,PB,F1-B22-S09,
The Alhambra,Washington Irving,9781530411870.0,PB,F1-B22-S09,
The Alhambra,Washington Irving,9781530411870.0,PB,F1-B22-S09,
The Alhambra,Washington Irving,9781530411870.0,ACD,F1-B02-S07,Audiobook (CD)
The Amateur Cracksman,E. W. Hornung,9798831180756.0,PB,F2-B06-S08,
The Amateur Cracksman,E. W. Hornung,9798831180756.0,ACD,F0-B06-S03,Audiobook (CD)
The Amateur Cracksman,E. W. Hornung,9798831180756.0,PB,F2-B06-S08,
The Amateur Cracksman,E. W. Hornung,9798831180756.0,PB,F2-B06-S08,
The Angel Experiment,James Patterson,9780786282920.0,PB,F2-B19-S07,
The Angel Experiment,James Patterson,9780786282920.0,ADIG,,Audiobook (digital)
The Angel Experiment,James Patterson,9780786282920.0,LP,F1-B15-S06,Large print edition
The Angel Experiment,James Patterson,9780786282920.0,ADIG,,Audiobook (digital)
The Angel Experiment,James Patterson,9780786282920.0,ACD,F0-B15-S09,Audiobook (CD)
The Angel of Terror,Edgar Wallace,9798740631233.0,PB,F1-B12-S04,
The Angel of Terror,Edgar Wallace,9798740631233.0,LP,F1-B22-S02,Large print edition
The Appeal,John Grisham,9788499088082.0,PB,F1-B25-S04,
The Appeal,John Grisham,9788499088082.0,PB,F1-B25-S04,
The Appeal,John Grisham,9788499088082.0,PB,F1-B25-S04,
The Appeal,John Grisham,9788499088082.0,LP,F1-B08-S08,Large print edition
The Bachman Books (Long Walk / Rage / Roadwork / Running Man),Stephen King,9780808565086.0,PB,F2-B28-S02,
The Bachman Books (Long Walk / Rage / Roadwork / Running Man),Stephen King,9780808565086.0,ADIG,,Audiobook (digital); Donated copy
The Bad Place,Dean Koontz,9780425245194.0,PB,F2-B11-S04,Replacement case
The Bad Place,Dean Koontz,9780425245194.0,PB,F2-B11-S04,Replacement case
The Bad Place,Dean Koontz,9780425245194.0,ADIG,,Replacement case; Audiobook (digital)
The Bad Place,Dean Koontz,9780425245194.0,PB,F2-B11-S04,Replacement case
The Bad Place,Dean Koontz,9780425245194.0,ACD,F1-B17-S02,Replacement case; Audiobook (CD)
The beach house,James Patterson,9780759573932.0,PB,F2-B16-S09,
The beach house,James Patterson,9780759573932.0,PB,F2-B16-S09,
The beach house,James Patterson,9780759573932.0,LP,F1-B15-S10,Large print edition
The beach house,James Patterson,9780759573932.0,PB,F2-B16-S09,
The beach house,James Patterson,9780759573932.0,PB,F2-B16-S09,
The BFG,Roald Dahl,9788573261295.0,PB,F1-B03-S08,Slightly damaged cover
The BFG,Roald Dahl,9788573261295.0,PB,F1-B03-S08,Slightly damaged cover
The BFG,Roald Dahl,9788573261295.0,ADIG,,Slightly damaged cover; Audiobook (digital)
The BFG,Roald Dahl,9788573261295.0,PB,F1-B03-S08,Slightly damaged cover
The Big Bad Wolf,James Patterson,9782744199318.0,PB,F2-B28-S09,
The Big Bad Wolf,James Patterson,9782744199318.0,LP,F1-B03-S07,Large print edition
The Big Bow Mystery,Israel Zangwill,9798622033018.0,PB,F2-B06-S02,
The Big Bow Mystery,Israel Zangwill,9798622033018.0,PB,F2-B06-S02,
The Big Bow Mystery,Israel Zangwill,9798622033018.0,ACD,F0-B02-S03,Audiobook (CD)
The Big Bow Mystery,Israel Zangwill,9798622033018.0,PB,F2-B06-S02,
The Big Four,Agatha Christie,9780553350418.0,PB,F1-B08-S03,
The Big Four,Agatha Christie,9780553350418.0,PB,F1-B08-S03,
The Big Four,Agatha Christie,9780553350418.0,PB,F1-B08-S03,
The Big Four,Agatha Christie,9780553350418.0,PB,F1-B08-S03,
The Big Four,Agatha Christie,9780553350418.0,PB,F1-B08-S03,
The Big Sleep,Raymond Chandler,9787501426195.0,PB,F2-B26-S03,
The Big Sleep,Raymond Chandler,9787501426195.0,EBK,,eBook edition
The Black Dahlia,James Ellroy,9780099498537.0,PB,F2-B19-S04,
The Black Dahlia,James Ellroy,9780099498537.0,EBK,,eBook edition; Staff pick
The blue castle,Lucy Maud Montgomery,9781402289361.0,PB,F2-B21-S06,Popular title - keep on display
The blue castle,Lucy Maud Montgomery,9781402289361.0,PB,F2-B21-S06,Popular title - keep on display
The blue castle,Lucy Maud Montgomery,9781402289361.0,PB,F2-B21-S06,Popular title - keep on display
The blue castle,Lucy Maud Montgomery,9781402289361.0,PB,F2-B21-S06,Popular title - keep on display
The Body in the Library,Agatha Christie,9780008589110.0,PB,F2-B22-S07,
The Body in the Library,Agatha Christie,9780008589110.0,ACD,F0-B15-S02,Audiobook (CD)
The Bone Collector (A Lincoln Rhyme Novel),Jeffery Deaver,9781844568888.0,PB,F1-B23-S08,
The Bone Collector (A Lincoln Rhyme Novel),Jeffery Deaver,9781844568888.0,ADIG,,Audiobook (digital)
The Bone Collector (A Lincoln Rhyme Novel),Jeffery Deaver,9781844568888.0,LP,F1-B03-S02,Large print edition
The Bone Collector (A Lincoln Rhyme Novel),Jeffery Deaver,9781844568888.0,PB,F1-B23-S08,
The Book of Dragons,Edith Nesbit,9781084185296.0,PB,F2-B08-S04,
The Book of Dragons,Edith Nesbit,9781084185296.0,ADIG,,Audiobook (digital)
The Book of Dragons,Edith Nesbit,9781084185296.0,PB,F2-B08-S04,
The Book of Dragons,Edith Nesbit,9781084185296.0,ADIG,,Audiobook (digital)
The Camel Club,David Baldacci,9788466626774.0,PB,F2-B01-S10,
The Camel Club,David Baldacci,9788466626774.0,PB,F2-B01-S10,
The Camel Club,David Baldacci,9788466626774.0,PB,F2-B01-S10,
The Camel Club,David Baldacci,9788466626774.0,PB,F2-B01-S10,
The Canterville Ghost,Oscar Wilde,9798586945372.0,PB,F2-B27-S09,
The Canterville Ghost,Oscar Wilde,9798586945372.0,ADIG,,Audiobook (digital); Popular title - keep on display
The Cask of Amontillado,Edgar Allan Poe,9781520601120.0,PB,F1-B09-S08,
The Cask of Amontillado,Edgar Allan Poe,9781520601120.0,LP,F1-B27-S02,Large print edition
The Circular Staircase,Mary Roberts Rinehart,9781521123928.0,PB,F1-B22-S07,
The Circular Staircase,Mary Roberts Rinehart,9781521123928.0,PB,F1-B22-S07,
The Circular Staircase,Mary Roberts Rinehart,9781521123928.0,PB,F1-B22-S07,
The Circular Staircase,Mary Roberts Rinehart,9781521123928.0,PB,F1-B22-S07,
The Circular Staircase,Mary Roberts Rinehart,9781521123928.0,ACD,F0-B14-S02,Audiobook (CD)
The City & The City,China Miéville,9780330493109.0,PB,F1-B09-S03,
The City & The City,China Miéville,9780330493109.0,PB,F1-B09-S03,
The City & The City,China Miéville,9780330493109.0,PB,F1-B09-S03,
The City & The City,China Miéville,9780330493109.0,ACD,F0-B24-S02,Audiobook (CD)
The City & The City,China Miéville,9780330493109.0,PB,F1-B09-S03,
The Client,John Grisham,9780385424714.0,PB,F1-B07-S03,
The Client,John Grisham,9780385424714.0,LP,F1-B09-S08,Large print edition
The Client,John Grisham,9780385424714.0,PB,F1-B07-S03,
The Client,John Grisham,9780385424714.0,PB,F1-B07-S03,
The Clocks,Agatha Christie,9780745168142.0,PB,F1-B19-S04,
The Clocks,Agatha Christie,9780745168142.0,PB,F1-B19-S04,
The Clocks,Agatha Christie,9780745168142.0,LP,F1-B03-S09,Large print edition
The Clocks,Agatha Christie,9780745168142.0,PB,F1-B19-S04,
The Clocks,Agatha Christie,9780745168142.0,ADIG,,Audiobook (digital)
The Club of Queer Trades,Gilbert Keith Chesterton,9783734013508.0,PB,F2-B22-S02,
The Club of Queer Trades,Gilbert Keith Chesterton,9783734013508.0,PB,F2-B22-S02,
The Club of Queer Trades,Gilbert Keith Chesterton,9783734013508.0,PB,F2-B22-S02,
The Club of Queer Trades,Gilbert Keith Chesterton,9783734013508.0,LP,F1-B08-S07,Large print edition
The Club of Queer Trades,Gilbert Keith Chesterton,9783734013508.0,LP,F1-B08-S07,Large print edition
The Clue of the Twisted Candle,Edgar Wallace,9781481984041.0,PB,F1-B13-S06,
The Clue of the Twisted Candle,Edgar Wallace,9781481984041.0,ACD,F1-B15-S07,Audiobook (CD)
The Clue of the Twisted Candle,Edgar Wallace,9781481984041.0,ADIG,,Audiobook (digital)
The Clue of the Twisted Candle,Edgar Wallace,9781481984041.0,ACD,F1-B15-S07,Audiobook (CD)
The Clue of the Twisted Candle,Edgar Wallace,9781481984041.0,LP,F1-B20-S08,Large print edition
The Collector,John Fowles,9780316230209.0,PB,F1-B24-S06,
The Collector,John Fowles,9780316230209.0,ACD,F0-B02-S10,Audiobook (CD)
The Colorado Kid,Stephen King,9781786361882.0,PB,F1-B14-S03,
The Colorado Kid,Stephen King,9781786361882.0,LP,F1-B13-S07,Large print edition
The Colorado Kid,Stephen King,9781786361882.0,ADIG,,Audiobook (digital)
The Colorado Kid,Stephen King,9781786361882.0,PB,F1-B14-S03,
The Complete Life and Adventures of Santa Claus,L. Frank Baum,9781976087097.0,PB,F2-B11-S06,
The Complete Life and Adventures of Santa Claus,L. Frank Baum,9781976087097.0,LP,F1-B09-S07,Large print edition
"The Complete Sherlock Holmes [4 novels, 56 stories]",Arthur Conan Doyle,9781471127182.0,PB,F1-B22-S06,
"The Complete Sherlock Holmes [4 novels, 56 stories]",Arthur Conan Doyle,9781471127182.0,PB,F1-B22-S06,
"The Complete Sherlock Holmes [4 novels, 56 stories]",Arthur Conan Doyle,9781471127182.0,PB,F1-B22-S06,
"The Complete Sherlock Holmes [4 novels, 56 stories]",Arthur Conan Doyle,9781471127182.0,ADIG,,Audiobook (digital)
The Crime at Black Dudley (Albert Campion #1),Margery Allingham,9781933397429.0,PB,F1-B15-S02,
The Crime at Black Dudley (Albert Campion #1),Margery Allingham,9781933397429.0,PB,F1-B15-S02,
The Crime at Black Dudley (Albert Campion #1),Margery Allingham,9781933397429.0,LP,F1-B25-S08,Large print edition
The Crime at Black Dudley (Albert Campion #1),Margery Allingham,9781933397429.0,PB,F1-B15-S02,
The Crimes of England,Gilbert Keith Chesterton,9781505221848.0,PB,F2-B27-S03,
The Crimes of England,Gilbert Keith Chesterton,9781505221848.0,LP,F1-B27-S07,Large print edition
The Crimes of England,Gilbert Keith Chesterton,9781505221848.0,PB,F2-B27-S03,
The Crimes of England,Gilbert Keith Chesterton,9781505221848.0,LP,F1-B27-S07,Large print edition
The Crush,Sandra Brown,9780743555210.0,PB,F1-B08-S04,Staff pick
The Crush,Sandra Brown,9780743555210.0,EBK,,eBook edition
The Cuckoo's Calling,J. K. Rowling,9789573330455.0,PB,F2-B26-S10,
The Cuckoo's Calling,J. K. Rowling,9789573330455.0,LP,F1-B14-S02,Large print edition
The Cuckoo’s Egg,Clifford Stoll,9783596102778.0,PB,F1-B07-S05,Donated copy
The Cuckoo’s Egg,Clifford Stoll,9783596102778.0,PB,F1-B07-S05,Donated copy
The Cuckoo’s Egg,Clifford Stoll,9783596102778.0,ADIG,,Donated copy; Audiobook (digital)
The Cuckoo’s Egg,Clifford Stoll,9783596102778.0,PB,F1-B07-S05,Donated copy
The Curious Incident of the Dog in the Night-Time,Mark Haddon,9780099482857.0,PB,F1-B20-S08,
The Curious Incident of the Dog in the Night-Time,Mark Haddon,9780099482857.0,ACD,F0-B28-S05,Audiobook (CD)
The Curious Incident of the Dog in the Night-Time,Mark Haddon,9780099482857.0,PB,F1-B20-S08,
The Curious Incident of the Dog in the Night-Time,Mark Haddon,9780099482857.0,PB,F1-B20-S08,
The Da Vinci Code,Dan Brown,9789875808850.0,PB,F2-B09-S04,
The Da Vinci Code,Dan Brown,9789875808850.0,PB,F2-B09-S04,
The Da Vinci Code,Dan Brown,9789875808850.0,PB,F2-B09-S04,
The Da Vinci Code,Dan Brown,9789875808850.0,PB,F2-B09-S04,
The dark tower,Stephen King,9780340827222.0,PB,F2-B02-S01,
The dark tower,Stephen King,9780340827222.0,PB,F2-B02-S01,
The dark tower,Stephen King,9780340827222.0,PB,F2-B02-S01,
The dark tower,Stephen King,9780340827222.0,LP,F1-B06-S05,Large print edition
The dark tower,Stephen King,9780340827222.0,PB,F2-B02-S01,
The Daughter of Time,Josephine Tey,9798542470795.0,PB,F2-B21-S08,
The Daughter of Time,Josephine Tey,9798542470795.0,ADIG,,Audiobook (digital)
The Enchanted Castle,Edith Nesbit,9781548958534.0,PB,F1-B20-S02,
The Enchanted Castle,Edith Nesbit,9781548958534.0,LP,F1-B22-S10,Large print edition
The enemy,Lee Child,9781593353155.0,PB,F1-B11-S08,
The enemy,Lee Child,9781593353155.0,PB,F1-B11-S08,
The enemy,Lee Child,9781593353155.0,PB,F1-B11-S08,
The enemy,Lee Child,9781593353155.0,PB,F1-B11-S08,
The Exploits of Brigadier Gerard,Arthur Conan Doyle,9781980886808.0,PB,F1-B13-S03,
The Exploits of Brigadier Gerard,Arthur Conan Doyle,9781980886808.0,LP,F1-B01-S06,Large print edition
The Exploits of Brigadier Gerard,Arthur Conan Doyle,9781980886808.0,PB,F1-B13-S03,
The Exploits of Brigadier Gerard,Arthur Conan Doyle,9781980886808.0,ADIG,,Audiobook (digital)
The Firm,John Grisham,9780099301196.0,PB,F1-B13-S08,
The Firm,John Grisham,9780099301196.0,PB,F1-B13-S08,
The Firm,John Grisham,9780099301196.0,LP,F1-B06-S04,Large print edition
The Firm,John Grisham,9780099301196.0,PB,F1-B13-S08,
The Firm,John Grisham,9780099301196.0,PB,F1-B13-S08,
The Fixer,Bernard Malamud,9788476698303.0,PB,F1-B09-S09,
The Fixer,Bernard Malamud,9788476698303.0,ADIG,,Audiobook (digital); Donated copy
The Franchise Affair (Inspector Alan Grant #3),Josephine Tey,9798432925534.0,PB,F1-B10-S05,
The Franchise Affair (Inspector Alan Grant #3),Josephine Tey,9798432925534.0,PB,F1-B10-S05,
The Franchise Affair (Inspector Alan Grant #3),Josephine Tey,9798432925534.0,LP,F1-B06-S03,Large print edition
The Franchise Affair (Inspector Alan Grant #3),Josephine Tey,9798432925534.0,PB,F1-B10-S05,
The Franchise Affair (Inspector Alan Grant #3),Josephine Tey,9798432925534.0,PB,F1-B10-S05,
The Godfather,Mario Puzo,9780451167712.0,PB,F2-B18-S01,
The Godfather,Mario Puzo,9780451167712.0,ACD,F1-B03-S04,Audiobook (CD)
The Good Guy,Dean Koontz,9788501077554.0,PB,F1-B28-S03,
The Good Guy,Dean Koontz,9788501077554.0,LP,F1-B10-S06,Large print edition
The Good Guy,Dean Koontz,9788501077554.0,PB,F1-B28-S03,
The Good Guy,Dean Koontz,9788501077554.0,PB,F1-B28-S03,
The Great Train Robbery,Michael Crichton,9788811136149.0,PB,F2-B11-S08,
The Great Train Robbery,Michael Crichton,9788811136149.0,LP,F1-B20-S02,Large print edition
The Hobbit,J.R.R. Tolkien,9780618150823.0,PB,F1-B09-S08,
The Hobbit,J.R.R. Tolkien,9780618150823.0,EBK,,eBook edition
The Hollow,Agatha Christie,9788427201385.0,PB,F2-B02-S06,
The Hollow,Agatha Christie,9788427201385.0,ACD,F1-B07-S03,Audiobook (CD)
The Hollow,Agatha Christie,9788427201385.0,ACD,F1-B07-S03,Audiobook (CD)
The Hollow,Agatha Christie,9788427201385.0,PB,F2-B02-S06,
The Hollow,Agatha Christie,9788427201385.0,ACD,F1-B07-S03,Audiobook (CD)
The Horse and His Boy,C. S. Lewis,9780816140930.0,PB,F1-B14-S07,
The Horse and His Boy,C. S. Lewis,9780816140930.0,PB,F1-B14-S07,
The Horse and His Boy,C. S. Lewis,9780816140930.0,ACD,F1-B10-S06,Audiobook (CD)
The Horse and His Boy,C. S. Lewis,9780816140930.0,PB,F1-B14-S07,
The Hound of the Baskervilles,Arthur Conan Doyle,9781973147077.0,PB,F2-B09-S09,
The Hound of the Baskervilles,Arthur Conan Doyle,9781973147077.0,PB,F2-B09-S09,
The Hound of the Baskervilles,Arthur Conan Doyle,9781973147077.0,PB,F2-B09-S09,
The Hound of the Baskervilles,Arthur Conan Doyle,9781973147077.0,PB,F2-B09-S09,
The Hound of the Baskervilles,Arthur Conan Doyle,9781973147077.0,PB,F2-B09-S09,
The House of Thunder,Dean Koontz,9780755347469.0,PB,F2-B21-S08,
The House of Thunder,Dean Koontz,9780755347469.0,ACD,F1-B01-S06,Audiobook (CD)
The House of Thunder,Dean Koontz,9780755347469.0,PB,F2-B21-S08,
The House of Thunder,Dean Koontz,9780755347469.0,PB,F2-B21-S08,
The House of Thunder,Dean Koontz,9780755347469.0,PB,F2-B21-S08,
The house without a key,Earl Derr Biggers,9780897335799.0,PB,F2-B20-S09,Slightly damaged cover
The house without a key,Earl Derr Biggers,9780897335799.0,ACD,F1-B15-S07,Audiobook (CD); Popular title - keep on display
The Housemaid,Freida McFadden,9781408728512.0,PB,F2-B26-S09,
The Housemaid,Freida McFadden,9781408728512.0,ACD,F1-B27-S01,Audiobook (CD)
The Hunt for Red October,Tom Clancy,9782253051572.0,PB,F2-B13-S04,
The Hunt for Red October,Tom Clancy,9782253051572.0,PB,F2-B13-S04,
The Hunt for Red October,Tom Clancy,9782253051572.0,PB,F2-B13-S04,
The Hunt for Red October,Tom Clancy,9782253051572.0,PB,F2-B13-S04,
The Innocence of Father Brown (Father Brown Mystery),Gilbert Keith Chesterton,9798708280299.0,PB,F2-B26-S05,
The Innocence of Father Brown (Father Brown Mystery),Gilbert Keith Chesterton,9798708280299.0,LP,F1-B17-S02,Large print edition
The Innocence of Father Brown (Father Brown Mystery),Gilbert Keith Chesterton,9798708280299.0,LP,F1-B17-S02,Large print edition
The Innocence of Father Brown (Father Brown Mystery),Gilbert Keith Chesterton,9798708280299.0,ADIG,,Audiobook (digital)
The Innocence of Father Brown (Father Brown Mystery),Gilbert Keith Chesterton,9798708280299.0,PB,F2-B26-S05,
The Innocent Man,John Grisham,9780739324196.0,PB,F1-B16-S05,
The Innocent Man,John Grisham,9780739324196.0,PB,F1-B16-S05,
The Innocent Man,John Grisham,9780739324196.0,LP,F1-B14-S06,Large print edition
The Innocent Man,John Grisham,9780739324196.0,PB,F1-B16-S05,
The Innocents Abroad,Mark Twain,9780870527579.0,PB,F1-B21-S05,Donated copy
The Innocents Abroad,Mark Twain,9780870527579.0,LP,F1-B15-S10,Donated copy; Large print edition
The Innocents Abroad,Mark Twain,9780870527579.0,LP,F1-B15-S10,Donated copy; Large print edition
The Innocents Abroad,Mark Twain,9780870527579.0,PB,F1-B21-S05,Donated copy
The Insidious Dr. Fu Manchu,Sax Rohmer,9798775177768.0,PB,F2-B22-S02,
The Insidious Dr. Fu Manchu,Sax Rohmer,9798775177768.0,PB,F2-B22-S02,
The Insidious Dr. Fu Manchu,Sax Rohmer,9798775177768.0,LP,F1-B22-S10,Large print edition
The Insidious Dr. Fu Manchu,Sax Rohmer,9798775177768.0,ACD,F0-B26-S06,Audiobook (CD)
The Insidious Dr. Fu Manchu,Sax Rohmer,9798775177768.0,PB,F2-B22-S02,
The Jungle Book,Rudyard Kipling,9798412954561.0,PB,F2-B03-S04,
The Jungle Book,Rudyard Kipling,9798412954561.0,PB,F2-B03-S04,
The Jungle Book,Rudyard Kipling,9798412954561.0,LP,F1-B12-S05,Large print edition
The Jungle Book,Rudyard Kipling,9798412954561.0,PB,F2-B03-S04,
The Labours of Hercules,Agatha Christie,9780060849542.0,PB,F1-B12-S06,
The Labours of Hercules,Agatha Christie,9780060849542.0,PB,F1-B12-S06,
The Labours of Hercules,Agatha Christie,9780060849542.0,PB,F1-B12-S06,
The Labours of Hercules,Agatha Christie,9780060849542.0,PB,F1-B12-S06,
The Labours of Hercules,Agatha Christie,9780060849542.0,PB,F1-B12-S06,
The Last Battle,C. S. Lewis,9780020443803.0,PB,F1-B20-S07,
The Last Battle,C. S. Lewis,9780020443803.0,PB,F1-B20-S07,
The Last Battle,C. S. Lewis,9780020443803.0,LP,F1-B15-S05,Large print edition
The Last Battle,C. S. Lewis,9780020443803.0,LP,F1-B15-S05,Large print edition
The Law and the Lady,Wilkie Collins,9798495711945.0,PB,F2-B03-S09,
The Law and the Lady,Wilkie Collins,9798495711945.0,PB,F2-B03-S09,
The Law and the Lady,Wilkie Collins,9798495711945.0,PB,F2-B03-S09,
The Law and the Lady,Wilkie Collins,9798495711945.0,LP,F1-B04-S01,Large print edition
The Legend of Sleepy Hollow,Washington Irving,9781521970638.0,PB,F2-B04-S07,
The Legend of Sleepy Hollow,Washington Irving,9781521970638.0,PB,F2-B04-S07,
The Legend of Sleepy Hollow,Washington Irving,9781521970638.0,PB,F2-B04-S07,
The Legend of Sleepy Hollow,Washington Irving,9781521970638.0,PB,F2-B04-S07,
The Legend of Sleepy Hollow,Washington Irving,9781521970638.0,PB,F2-B04-S07,
The lemonade crime,"Davies, Jacqueline",9781456132859.0,PB,F1-B22-S09,
The lemonade crime,"Davies, Jacqueline",9781456132859.0,LP,F1-B22-S02,Large print edition
The Lightning Thief,Rick Riordan,9780141319131.0,PB,F1-B11-S01,
The Lightning Thief,Rick Riordan,9780141319131.0,EBK,,eBook edition
"The Lion, the Witch and the Wardrobe",C. S. Lewis,9780001831803.0,PB,F1-B24-S09,
"The Lion, the Witch and the Wardrobe",C. S. Lewis,9780001831803.0,LP,F1-B24-S10,Large print edition
The Lodger,Marie Belloc Lowndes,9780897338530.0,PB,F1-B14-S06,
The Lodger,Marie Belloc Lowndes,9780897338530.0,LP,F1-B01-S02,Large print edition
The Long Goodbye,Raymond Chandler,9780330256841.0,PB,F1-B28-S07,
The Long Goodbye,Raymond Chandler,9780330256841.0,LP,F1-B25-S10,Large print edition
The Long Goodbye,Raymond Chandler,9780330256841.0,ADIG,,Audiobook (digital)
The Long Goodbye,Raymond Chandler,9780330256841.0,LP,F1-B25-S10,Large print edition
The lovely bones,Alice Sebold,9780759547346.0,PB,F2-B14-S08,
The lovely bones,Alice Sebold,9780759547346.0,ACD,F0-B21-S07,Audiobook (CD)
The lovely bones,Alice Sebold,9780759547346.0,PB,F2-B14-S08,
The lovely bones,Alice Sebold,9780759547346.0,ACD,F0-B21-S07,Audiobook (CD)
The Magician's Nephew,C. S. Lewis,9781946290052.0,PB,F2-B26-S02,
The Magician's Nephew,C. S. Lewis,9781946290052.0,EBK,,eBook edition
The Maid,Nita Prose,9780008435769.0,PB,F2-B21-S04,
The Maid,Nita Prose,9780008435769.0,ADIG,,Audiobook (digital)
The Maid,Nita Prose,9780008435769.0,PB,F2-B21-S04,
The Maid,Nita Prose,9780008435769.0,PB,F2-B21-S04,
The Maid,Nita Prose,9780008435769.0,PB,F2-B21-S04,
The Maltese Falcon,Dashiell Hammett,9781408231920.0,PB,F2-B28-S03,
The Maltese Falcon,Dashiell Hammett,9781408231920.0,PB,F2-B28-S03,
The Maltese Falcon,Dashiell Hammett,9781408231920.0,PB,F2-B28-S03,
The Maltese Falcon,Dashiell Hammett,9781408231920.0,ADIG,,Audiobook (digital)
The Man in the Brown Suit,Agatha Christie,9781799927945.0,PB,F2-B12-S09,
The Man in the Brown Suit,Agatha Christie,9781799927945.0,PB,F2-B12-S09,
The Man in the Brown Suit,Agatha Christie,9781799927945.0,ADIG,,Audiobook (digital)
The Man in the Brown Suit,Agatha Christie,9781799927945.0,PB,F2-B12-S09,
The Man in the Brown Suit,Agatha Christie,9781799927945.0,PB,F2-B12-S09,
The Man in the Queue (Inspector Alan Grant #1),Josephine Tey,9798425729231.0,PB,F2-B13-S09,
The Man in the Queue (Inspector Alan Grant #1),Josephine Tey,9798425729231.0,ADIG,,Audiobook (digital)
The Man in the Queue (Inspector Alan Grant #1),Josephine Tey,9798425729231.0,PB,F2-B13-S09,
The Man in the Queue (Inspector Alan Grant #1),Josephine Tey,9798425729231.0,PB,F2-B13-S09,
The Man in the Queue (Inspector Alan Grant #1),Josephine Tey,9798425729231.0,ADIG,,Audiobook (digital)
The Man Who Was Thursday,Gilbert Keith Chesterton,9781722404895.0,PB,F2-B18-S08,
The Man Who Was Thursday,Gilbert Keith Chesterton,9781722404895.0,EBK,,eBook edition
The Man with the Golden Gun,Ian Fleming,9798708015525.0,PB,F2-B28-S02,
The Man with the Golden Gun,Ian Fleming,9798708015525.0,ACD,F1-B09-S04,Audiobook (CD)
The Man with the Golden Gun,Ian Fleming,9798708015525.0,PB,F2-B28-S02,
The Man with the Golden Gun,Ian Fleming,9798708015525.0,PB,F2-B28-S02,
The Man with the Golden Gun,Ian Fleming,9798708015525.0,PB,F2-B28-S02,
The Marble Faun,Nathaniel Hawthorne,9780140390773.0,PB,F2-B03-S04,
The Marble Faun,Nathaniel Hawthorne,9780140390773.0,ADIG,,Audiobook (digital)
The Marvelous Land of Oz,L. Frank Baum,9781694960580.0,PB,F1-B18-S05,Popular title - keep on display
The Marvelous Land of Oz,L. Frank Baum,9781694960580.0,PB,F1-B18-S05,Popular title - keep on display
The Marvelous Land of Oz,L. Frank Baum,9781694960580.0,PB,F1-B18-S05,Popular title - keep on display
The Marvelous Land of Oz,L. Frank Baum,9781694960580.0,PB,F1-B18-S05,Popular title - keep on display
The Middle Temple Murder,Joseph Smith Fletcher,9798403086011.0,PB,F1-B21-S01,
The Middle Temple Murder,Joseph Smith Fletcher,9798403086011.0,EBK,,eBook edition
The Midnight Club,James Patterson,9780007825653.0,PB,F1-B19-S10,
The Midnight Club,James Patterson,9780007825653.0,ADIG,,Audiobook (digital)
The minds of Billy Milligan,Daniel Keyes,9784152035264.0,PB,F1-B06-S09,
The minds of Billy Milligan,Daniel Keyes,9784152035264.0,ADIG,,Audiobook (digital)
The Mirror Crack'd from Side to Side,Agatha Christie,9780140038040.0,PB,F2-B09-S06,Replacement case
The Mirror Crack'd from Side to Side,Agatha Christie,9780140038040.0,PB,F2-B09-S06,Replacement case
The Mirror Crack'd from Side to Side,Agatha Christie,9780140038040.0,PB,F2-B09-S06,Replacement case
The Mirror Crack'd from Side to Side,Agatha Christie,9780140038040.0,PB,F2-B09-S06,Replacement case
The Mirror Crack'd from Side to Side,Agatha Christie,9780140038040.0,PB,F2-B09-S06,Replacement case
The Moonstone,Wilkie Collins,9780557745876.0,PB,F1-B08-S01,
The Moonstone,Wilkie Collins,9780557745876.0,PB,F1-B08-S01,
The Moonstone,Wilkie Collins,9780557745876.0,ADIG,,Audiobook (digital)
The Moonstone,Wilkie Collins,9780557745876.0,PB,F1-B08-S01,
The most dangerous game,Richard Connell,9781479454129.0,PB,F2-B14-S03,
The most dangerous game,Richard Connell,9781479454129.0,ACD,F1-B26-S08,Audiobook (CD)
The most dangerous game,Richard Connell,9781479454129.0,PB,F2-B14-S03,
The most dangerous game,Richard Connell,9781479454129.0,PB,F2-B14-S03,
The Moving Finger,Agatha Christie,9780061749810.0,PB,F1-B03-S03,Popular title - keep on display
The Moving Finger,Agatha Christie,9780061749810.0,PB,F1-B03-S03,Popular title - keep on display
The Moving Finger,Agatha Christie,9780061749810.0,ACD,F0-B03-S09,Popular title - keep on display; Audiobook (CD)
The Moving Finger,Agatha Christie,9780061749810.0,PB,F1-B03-S03,Popular title - keep on display
The Murder at the Vicarage,Agatha Christie,9780008611910.0,PB,F2-B24-S03,
The Murder at the Vicarage,Agatha Christie,9780008611910.0,ADIG,,Audiobook (digital)
The Murder of Roger Ackroyd,Agatha Christie,9788477511328.0,PB,F1-B02-S04,
The Murder of Roger Ackroyd,Agatha Christie,9788477511328.0,LP,F1-B03-S03,Large print edition
The Murder of Roger Ackroyd,Agatha Christie,9788477511328.0,PB,F1-B02-S04,
The Murder of Roger Ackroyd,Agatha Christie,9788477511328.0,PB,F1-B02-S04,
The Murders in the Rue Morgue,Edgar Allan Poe,9798573532479.0,PB,F2-B24-S07,
The Murders in the Rue Morgue,Edgar Allan Poe,9798573532479.0,EBK,,eBook edition
The Mysterious Affair at Styles,Agatha Christie,9781983692284.0,PB,F2-B08-S03,
The Mysterious Affair at Styles,Agatha Christie,9781983692284.0,PB,F2-B08-S03,
The Mysterious Affair at Styles,Agatha Christie,9781983692284.0,LP,F1-B20-S01,Large print edition
The Mysterious Affair at Styles,Agatha Christie,9781983692284.0,PB,F2-B08-S03,
The mysterious Mr Quin,Agatha Christie,9781611737394.0,PB,F1-B19-S06,Missing dust jacket
The mysterious Mr Quin,Agatha Christie,9781611737394.0,EBK,,eBook edition
The Mystery of Cloomber,Arthur Conan Doyle,9798763804218.0,PB,F2-B15-S08,
The Mystery of Cloomber,Arthur Conan Doyle,9798763804218.0,PB,F2-B15-S08,
The Mystery of Cloomber,Arthur Conan Doyle,9798763804218.0,ACD,F0-B12-S06,Audiobook (CD)
The Mystery of Cloomber,Arthur Conan Doyle,9798763804218.0,PB,F2-B15-S08,
The Mystery of the Blue Train,Agatha Christie,9781444802474.0,PB,F2-B10-S07,
The Mystery of the Blue Train,Agatha Christie,9781444802474.0,ACD,F1-B18-S09,Audiobook (CD)
The Naked Sun,Isaac Asimov,9781400134229.0,PB,F1-B09-S08,
The Naked Sun,Isaac Asimov,9781400134229.0,ACD,F0-B25-S08,Audiobook (CD)
The New Jim Crow,Michelle Alexander,9781595585301.0,PB,F1-B06-S03,
The New Jim Crow,Michelle Alexander,9781595585301.0,EBK,,eBook edition
The Night Before Christmas,Clement Clarke Moore,9780307102027.0,PB,F1-B25-S01,
The Night Before Christmas,Clement Clarke Moore,9780307102027.0,ADIG,,Audiobook (digital)
The night stalker,Philip Carlo,9780806538419.0,PB,F1-B02-S09,
The night stalker,Philip Carlo,9780806538419.0,LP,F1-B03-S04,Large print edition
The Opal Deception,Eoin Colfer,9782070524945.0,PB,F2-B17-S08,
The Opal Deception,Eoin Colfer,9782070524945.0,LP,F1-B22-S09,Large print edition
The Opal Deception,Eoin Colfer,9782070524945.0,PB,F2-B17-S08,
The Opal Deception,Eoin Colfer,9782070524945.0,PB,F2-B17-S08,
The Origins of Totalitarianism,Hannah Arendt,9788420647715.0,PB,F1-B27-S06,
The Origins of Totalitarianism,Hannah Arendt,9788420647715.0,ADIG,,Audiobook (digital)
The Origins of Totalitarianism,Hannah Arendt,9788420647715.0,PB,F1-B27-S06,
The Origins of Totalitarianism,Hannah Arendt,9788420647715.0,PB,F1-B27-S06,
The Orphan Master's Son,Adam Johnson,9783518730690.0,PB,F1-B23-S06,Missing dust jacket
The Orphan Master's Son,Adam Johnson,9783518730690.0,LP,F1-B22-S05,Large print edition
The Outsider,Stephen King,9783453271845.0,PB,F2-B08-S08,
The Outsider,Stephen King,9783453271845.0,LP,F1-B13-S04,Large print edition; Donated copy
The Pale Horse,Agatha Christie,9780671706005.0,PB,F1-B22-S10,Popular title - keep on display
The Pale Horse,Agatha Christie,9780671706005.0,ADIG,,Audiobook (digital)
The Paradise Mystery,Joseph Smith Fletcher,9781718907973.0,PB,F1-B22-S02,
The Paradise Mystery,Joseph Smith Fletcher,9781718907973.0,PB,F1-B22-S02,
The Paradise Mystery,Joseph Smith Fletcher,9781718907973.0,ADIG,,Audiobook (digital)
The Paradise Mystery,Joseph Smith Fletcher,9781718907973.0,ACD,F0-B16-S07,Audiobook (CD)
The Paradise Mystery,Joseph Smith Fletcher,9781718907973.0,PB,F1-B22-S02,
The Paris Apartment,Lucy Foley,9780008384982.0,PB,F1-B28-S02,
The Paris Apartment,Lucy Foley,9780008384982.0,PB,F1-B28-S02,
The Paris Apartment,Lucy Foley,9780008384982.0,ADIG,,Audiobook (digital)
The Paris Apartment,Lucy Foley,9780008384982.0,PB,F1-B28-S02,
The Pelican Brief,John Grisham,9782724278859.0,PB,F2-B01-S02,
The Pelican Brief,John Grisham,9782724278859.0,ACD,F1-B27-S05,Audiobook (CD)
The Phoenix and the Carpet,Edith Nesbit,9781366575388.0,PB,F1-B15-S02,
The Phoenix and the Carpet,Edith Nesbit,9781366575388.0,ADIG,,Audiobook (digital)
The Phoenix and the Carpet,Edith Nesbit,9781366575388.0,ADIG,,Audiobook (digital)
The Phoenix and the Carpet,Edith Nesbit,9781366575388.0,PB,F1-B15-S02,
The Picture of Dorian Gray,Oscar Wilde,9783518013144.0,PB,F1-B08-S04,
The Picture of Dorian Gray,Oscar Wilde,9783518013144.0,LP,F1-B08-S06,Large print edition
The Picture of Dorian Gray,Oscar Wilde,9783518013144.0,PB,F1-B08-S04,
The Picture of Dorian Gray,Oscar Wilde,9783518013144.0,PB,F1-B08-S04,
The plays of Oscar Wilde,Oscar Wilde,9780003701784.0,PB,F2-B22-S09,Donated copy
The plays of Oscar Wilde,Oscar Wilde,9780003701784.0,PB,F2-B22-S09,Donated copy
The plays of Oscar Wilde,Oscar Wilde,9780003701784.0,PB,F2-B22-S09,Donated copy
The plays of Oscar Wilde,Oscar Wilde,9780003701784.0,ADIG,,Donated copy; Audiobook (digital)
The postman always rings twice,James M. Cain,9780899682341.0,PB,F1-B21-S03,
The postman always rings twice,James M. Cain,9780899682341.0,ACD,F1-B27-S03,Audiobook (CD)
The Prince,Niccolò Machiavelli,9781986472470.0,PB,F1-B18-S07,
The Prince,Niccolò Machiavelli,9781986472470.0,PB,F1-B18-S07,
The Prince,Niccolò Machiavelli,9781986472470.0,PB,F1-B18-S07,
The Prince,Niccolò Machiavelli,9781986472470.0,LP,F1-B15-S09,Large print edition
The Prince,Niccolò Machiavelli,9781986472470.0,PB,F1-B18-S07,
The Prisoner of Zenda,Anthony Hope,9798462623943.0,PB,F2-B07-S07,
The Prisoner of Zenda,Anthony Hope,9798462623943.0,PB,F2-B07-S07,
The Prisoner of Zenda,Anthony Hope,9798462623943.0,PB,F2-B07-S07,
The Prisoner of Zenda,Anthony Hope,9798462623943.0,PB,F2-B07-S07,
"The Private Memoirs and Confessions of A Justified Sinner (With A Detail of Curious Traditionary Facts, And Other Evidence, By The Editor)",James Hogg,9781406953541.0,PB,F2-B08-S05,
"The Private Memoirs and Confessions of A Justified Sinner (With A Detail of Curious Traditionary Facts, And Other Evidence, By The Editor)",James Hogg,9781406953541.0,PB,F2-B08-S05,
"The Private Memoirs and Confessions of A Justified Sinner (With A Detail of Curious Traditionary Facts, And Other Evidence, By The Editor)",James Hogg,9781406953541.0,LP,F1-B28-S02,Large print edition
"The Private Memoirs and Confessions of A Justified Sinner (With A Detail of Curious Traditionary Facts, And Other Evidence, By The Editor)",James Hogg,9781406953541.0,PB,F2-B08-S05,
"The Private Memoirs and Confessions of A Justified Sinner (With A Detail of Curious Traditionary Facts, And Other Evidence, By The Editor)",James Hogg,9781406953541.0,ADIG,,Audiobook (digital)
The Prophet,Kahlil Gibran,9782851088345.0,PB,F2-B06-S10,
The Prophet,Kahlil Gibran,9782851088345.0,ADIG,,Audiobook (digital)
The Railway Children,Edith Nesbit,9798620104833.0,PB,F1-B23-S07,Popular title - keep on display
The Railway Children,Edith Nesbit,9798620104833.0,LP,F1-B09-S03,Large print edition
The Rainmaker,John Grisham,9788483468777.0,PB,F2-B14-S07,
The Rainmaker,John Grisham,9788483468777.0,LP,F1-B28-S01,Large print edition
The Regulators,Stephen King,9788497595940.0,PB,F1-B10-S05,
The Regulators,Stephen King,9788497595940.0,PB,F1-B10-S05,
The Regulators,Stephen King,9788497595940.0,LP,F1-B11-S02,Large print edition
The Regulators,Stephen King,9788497595940.0,LP,F1-B11-S02,Large print edition
The Regulators,Stephen King,9788497595940.0,LP,F1-B11-S02,Large print edition
The Return of Sherlock Holmes,Arthur Conan Doyle,9798493761096.0,PB,F1-B24-S02,
The Return of Sherlock Holmes,Arthur Conan Doyle,9798493761096.0,PB,F1-B24-S02,
The Return of Sherlock Holmes,Arthur Conan Doyle,9798493761096.0,PB,F1-B24-S02,
The Return of Sherlock Holmes,Arthur Conan Doyle,9798493761096.0,PB,F1-B24-S02,
The Riddle of the Sands,Erskine Childers,9798609669896.0,PB,F2-B18-S01,
The Riddle of the Sands,Erskine Childers,9798609669896.0,LP,F1-B03-S04,Large print edition
The Road to Oz,L. Frank Baum,9798558036466.0,PB,F1-B14-S08,Popular title - keep on display
The Road to Oz,L. Frank Baum,9798558036466.0,LP,F1-B12-S07,Popular title - keep on display; Large print edition
The Road to Oz,L. Frank Baum,9798558036466.0,PB,F1-B14-S08,Popular title - keep on display
The Road to Oz,L. Frank Baum,9798558036466.0,PB,F1-B14-S08,Popular title - keep on display
The Road to Oz,L. Frank Baum,9798558036466.0,LP,F1-B12-S07,Popular title - keep on display; Large print edition
The Running Man,Stephen King,9782290026946.0,PB,F2-B22-S06,
The Running Man,Stephen King,9782290026946.0,PB,F2-B22-S06,
The Running Man,Stephen King,9782290026946.0,ADIG,,Audiobook (digital)
The Running Man,Stephen King,9782290026946.0,LP,F1-B25-S08,Large print edition
The Sea Fairies,L. Frank Baum,9781098604226.0,PB,F2-B04-S04,
The Sea Fairies,L. Frank Baum,9781098604226.0,LP,F1-B01-S07,Large print edition
The Sea Fairies,L. Frank Baum,9781098604226.0,PB,F2-B04-S04,
The Sea Fairies,L. Frank Baum,9781098604226.0,PB,F2-B04-S04,
The Secret Adversary,Agatha Christie,9781484054376.0,PB,F1-B13-S02,
The Secret Adversary,Agatha Christie,9781484054376.0,LP,F1-B05-S08,Large print edition
The Secret Adversary,Agatha Christie,9781484054376.0,PB,F1-B13-S02,
The Secret Adversary,Agatha Christie,9781484054376.0,ADIG,,Audiobook (digital)
The Secret Adversary,Agatha Christie,9781484054376.0,PB,F1-B13-S02,
The Secret Garden,Frances Hodgson Burnett,9798499975633.0,PB,F2-B19-S07,
The Secret Garden,Frances Hodgson Burnett,9798499975633.0,PB,F2-B19-S07,
The Secret Garden,Frances Hodgson Burnett,9798499975633.0,PB,F2-B19-S07,
The Secret Garden,Frances Hodgson Burnett,9798499975633.0,PB,F2-B19-S07,
The Secret Garden,Frances Hodgson Burnett,9798499975633.0,PB,F2-B19-S07,
The Secret of Chimneys,Agatha Christie,9788447357833.0,PB,F1-B07-S10,
The Secret of Chimneys,Agatha Christie,9788447357833.0,ACD,F1-B07-S08,Audiobook (CD)
The Seven Deaths of Evelyn Hardcastle,Stuart Turton,9786257913478.0,PB,F1-B03-S07,
The Seven Deaths of Evelyn Hardcastle,Stuart Turton,9786257913478.0,ACD,F0-B28-S08,Audiobook (CD)
The Seven Dials Mystery,Agatha Christie,9788327150912.0,PB,F2-B16-S01,Slightly damaged cover
The Seven Dials Mystery,Agatha Christie,9788327150912.0,PB,F2-B16-S01,Slightly damaged cover
The Seven Dials Mystery,Agatha Christie,9788327150912.0,PB,F2-B16-S01,Slightly damaged cover
The Seven Dials Mystery,Agatha Christie,9788327150912.0,PB,F2-B16-S01,Slightly damaged cover
The Seven Dials Mystery,Agatha Christie,9788327150912.0,PB,F2-B16-S01,Slightly damaged cover
The Sicilian,Mario Puzo,9780099580799.0,PB,F1-B23-S05,
The Sicilian,Mario Puzo,9780099580799.0,ACD,F1-B13-S10,Audiobook (CD)
The Sicilian,Mario Puzo,9780099580799.0,PB,F1-B23-S05,
The Sicilian,Mario Puzo,9780099580799.0,PB,F1-B23-S05,
The Sign of Four,Arthur Conan Doyle,9798750272181.0,PB,F2-B11-S02,Missing dust jacket
The Sign of Four,Arthur Conan Doyle,9798750272181.0,EBK,,eBook edition
The Silver Chair,C. S. Lewis,9781561797929.0,PB,F2-B06-S08,
The Silver Chair,C. S. Lewis,9781561797929.0,ADIG,,Audiobook (digital)
The simple truth,David Baldacci,9783404146260.0,PB,F2-B16-S02,
The simple truth,David Baldacci,9783404146260.0,PB,F2-B16-S02,
The simple truth,David Baldacci,9783404146260.0,PB,F2-B16-S02,
The simple truth,David Baldacci,9783404146260.0,ADIG,,Audiobook (digital)
The simple truth,David Baldacci,9783404146260.0,LP,F1-B02-S04,Large print edition
The Sittaford Mystery,Agatha Christie,9780008769840.0,PB,F2-B25-S10,
The Sittaford Mystery,Agatha Christie,9780008769840.0,LP,F1-B28-S10,Large print edition; Slightly damaged cover
The Story of Doctor Dolittle,Hugh Lofting,9780688140014.0,PB,F2-B09-S10,
The Story of Doctor Dolittle,Hugh Lofting,9780688140014.0,LP,F1-B15-S08,Large print edition
The Story of Doctor Dolittle,Hugh Lofting,9780688140014.0,ACD,F0-B02-S06,Audiobook (CD)
The Story of Doctor Dolittle,Hugh Lofting,9780688140014.0,PB,F2-B09-S10,
The Story of the Amulet,Edith Nesbit,9798747778610.0,PB,F2-B17-S09,
The Story of the Amulet,Edith Nesbit,9798747778610.0,ACD,F0-B02-S09,Audiobook (CD)
The Strange Case of Dr. Jekyll and Mr. Hyde,Robert Louis Stevenson,9780361082082.0,PB,F1-B12-S05,
The Strange Case of Dr. Jekyll and Mr. Hyde,Robert Louis Stevenson,9780361082082.0,PB,F1-B12-S05,
The Strange Case of Dr. Jekyll and Mr. Hyde,Robert Louis Stevenson,9780361082082.0,ACD,F1-B04-S05,Audiobook (CD)
The Strange Case of Dr. Jekyll and Mr. Hyde,Robert Louis Stevenson,9780361082082.0,PB,F1-B12-S05,
The Subtle Knife,Philip Pullman,9783551352378.0,PB,F1-B15-S10,
The Subtle Knife,Philip Pullman,9783551352378.0,ACD,F0-B03-S09,Audiobook (CD); Donated copy
The Tale of Peter Rabbit,Beatrix Potter,9780723244325.0,PB,F1-B10-S04,Missing dust jacket
The Tale of Peter Rabbit,Beatrix Potter,9780723244325.0,LP,F1-B23-S04,Large print edition
The Talented Mr. Ripley,Patricia Highsmith,9783257064049.0,PB,F2-B13-S03,
The Talented Mr. Ripley,Patricia Highsmith,9783257064049.0,ACD,F0-B22-S06,Audiobook (CD)
The Talented Mr. Ripley,Patricia Highsmith,9783257064049.0,ADIG,,Audiobook (digital)
The Talented Mr. Ripley,Patricia Highsmith,9783257064049.0,PB,F2-B13-S03,
The Tell-Tale Heart,Edgar Allan Poe,9781719093194.0,PB,F2-B27-S10,Replacement case
The Tell-Tale Heart,Edgar Allan Poe,9781719093194.0,EBK,,eBook edition
The Thirteen Problems,Agatha Christie,9780330252379.0,PB,F1-B09-S01,
The Thirteen Problems,Agatha Christie,9780330252379.0,PB,F1-B09-S01,
The Thirteen Problems,Agatha Christie,9780330252379.0,PB,F1-B09-S01,
The Thirteen Problems,Agatha Christie,9780330252379.0,PB,F1-B09-S01,
The Thirty-Nine Steps,John Buchan,9781905716449.0,PB,F1-B12-S02,
The Thirty-Nine Steps,John Buchan,9781905716449.0,PB,F1-B12-S02,
The Thirty-Nine Steps,John Buchan,9781905716449.0,ADIG,,Audiobook (digital)
The Thirty-Nine Steps,John Buchan,9781905716449.0,LP,F1-B28-S09,Large print edition
The Tiger in the Smoke,Margery Allingham,9781504087483.0,PB,F1-B28-S05,Missing dust jacket
The Tiger in the Smoke,Margery Allingham,9781504087483.0,PB,F1-B28-S05,Missing dust jacket
The Tiger in the Smoke,Margery Allingham,9781504087483.0,PB,F1-B28-S05,Missing dust jacket
The Tiger in the Smoke,Margery Allingham,9781504087483.0,ADIG,,Missing dust jacket; Audiobook (digital)
The Tiger in the Smoke,Margery Allingham,9781504087483.0,PB,F1-B28-S05,Missing dust jacket
The Tragedy of Pudd'nhead Wilson,Mark Twain,9781475313901.0,PB,F2-B08-S05,
The Tragedy of Pudd'nhead Wilson,Mark Twain,9781475313901.0,EBK,,eBook edition
The Twits,Roald Dahl,9780141323428.0,PB,F2-B25-S03,
The Twits,Roald Dahl,9780141323428.0,LP,F1-B11-S06,Large print edition
The Twits,Roald Dahl,9780141323428.0,LP,F1-B11-S06,Large print edition
The Twits,Roald Dahl,9780141323428.0,PB,F2-B25-S03,
The Ugly Duckling,Hans Christian Andersen,9781400130498.0,PB,F1-B21-S08,
The Ugly Duckling,Hans Christian Andersen,9781400130498.0,PB,F1-B21-S08,
The Ugly Duckling,Hans Christian Andersen,9781400130498.0,PB,F1-B21-S08,
The Ugly Duckling,Hans Christian Andersen,9781400130498.0,PB,F1-B21-S08,
The Ugly Duckling,Hans Christian Andersen,9781400130498.0,PB,F1-B21-S08,
The Valley of Fear,Arthur Conan Doyle,9798527657401.0,PB,F1-B16-S10,
The Valley of Fear,Arthur Conan Doyle,9798527657401.0,ACD,F0-B08-S08,Audiobook (CD)
The Very Hungry Caterpillar,Eric Carle,9780399251900.0,PB,F2-B20-S07,
The Very Hungry Caterpillar,Eric Carle,9780399251900.0,ADIG,,Audiobook (digital)
The Very Hungry Caterpillar,Eric Carle,9780399251900.0,PB,F2-B20-S07,
The Very Hungry Caterpillar,Eric Carle,9780399251900.0,PB,F2-B20-S07,
The Very Hungry Caterpillar,Eric Carle,9780399251900.0,PB,F2-B20-S07,
The Voyage of the Dawn Treader,C. S. Lewis,9782070695188.0,PB,F2-B11-S09,
The Voyage of the Dawn Treader,C. S. Lewis,9782070695188.0,LP,F1-B15-S06,Large print edition
The water-babies: a fairy tale for a land-baby,Charles Kingsley,9780140868623.0,PB,F1-B19-S07,
The water-babies: a fairy tale for a land-baby,Charles Kingsley,9780140868623.0,PB,F1-B19-S07,
The water-babies: a fairy tale for a land-baby,Charles Kingsley,9780140868623.0,PB,F1-B19-S07,
The water-babies: a fairy tale for a land-baby,Charles Kingsley,9780140868623.0,ACD,F1-B07-S02,Audiobook (CD)
The water-babies: a fairy tale for a land-baby,Charles Kingsley,9780140868623.0,LP,F1-B03-S04,Large print edition
The way we live now,Anthony Trollope,9781406598339.0,PB,F1-B20-S03,
The way we live now,Anthony Trollope,9781406598339.0,ACD,F0-B05-S08,Audiobook (CD)
The Whistler,John Grisham,9782709650700.0,PB,F2-B11-S04,
The Whistler,John Grisham,9782709650700.0,PB,F2-B11-S04,
The Whistler,John Grisham,9782709650700.0,PB,F2-B11-S04,
The Whistler,John Grisham,9782709650700.0,PB,F2-B11-S04,
The Wind in the Willows,Kenneth Grahame,9787537675048.0,PB,F1-B28-S06,
The Wind in the Willows,Kenneth Grahame,9787537675048.0,PB,F1-B28-S06,
The Wind in the Willows,Kenneth Grahame,9787537675048.0,PB,F1-B28-S06,
The Wind in the Willows,Kenneth Grahame,9787537675048.0,PB,F1-B28-S06,
The Wisdom of Father Brown,Gilbert Keith Chesterton,9781600965098.0,PB,F1-B25-S09,
The Wisdom of Father Brown,Gilbert Keith Chesterton,9781600965098.0,ADIG,,Audiobook (digital)
The Witches,Roald Dahl,9783150090800.0,PB,F2-B18-S02,
The Witches,Roald Dahl,9783150090800.0,PB,F2-B18-S02,
The Witches,Roald Dahl,9783150090800.0,PB,F2-B18-S02,
The Witches,Roald Dahl,9783150090800.0,LP,F1-B18-S05,Large print edition
The Witches,Roald Dahl,9783150090800.0,PB,F2-B18-S02,
The Woman in the Window: A Novel,A. J. Finn,9780062906137.0,PB,F1-B01-S01,
The Woman in the Window: A Novel,A. J. Finn,9780062906137.0,PB,F1-B01-S01,
The Woman in the Window: A Novel,A. J. Finn,9780062906137.0,PB,F1-B01-S01,
The Woman in the Window: A Novel,A. J. Finn,9780062906137.0,LP,F1-B03-S07,Large print edition
The Wonderful Wizard of Oz,L. Frank Baum,9781976546457.0,PB,F2-B28-S01,
The Wonderful Wizard of Oz,L. Frank Baum,9781976546457.0,ADIG,,Audiobook (digital)
The Wonderful Wizard of Oz,L. Frank Baum,9781976546457.0,ACD,F0-B25-S10,Audiobook (CD)
The Wonderful Wizard of Oz,L. Frank Baum,9781976546457.0,PB,F2-B28-S01,
The Woods,Harlan Coben,9780786294886.0,PB,F1-B13-S05,Popular title - keep on display
The Woods,Harlan Coben,9780786294886.0,LP,F1-B10-S10,Popular title - keep on display; Large print edition
The Woods,Harlan Coben,9780786294886.0,PB,F1-B13-S05,Popular title - keep on display
The Woods,Harlan Coben,9780786294886.0,ADIG,,Popular title - keep on display; Audiobook (digital)
The Works of Edgar Allan Poe in Five Volumes,Edgar Allan Poe,9780342952168.0,PB,F1-B21-S07,
The Works of Edgar Allan Poe in Five Volumes,Edgar Allan Poe,9780342952168.0,ADIG,,Audiobook (digital)
The Works of Edgar Allan Poe in Five Volumes,Edgar Allan Poe,9780342952168.0,PB,F1-B21-S07,
The Works of Edgar Allan Poe in Five Volumes,Edgar Allan Poe,9780342952168.0,ADIG,,Audiobook (digital)
The World Almanac for Kids,Judith S. Levey,9780886878795.0,PB,F2-B15-S02,
The World Almanac for Kids,Judith S. Levey,9780886878795.0,EBK,,eBook edition
The Yiddish Policemen's Union,Michael Chabon,9788535913842.0,PB,F2-B22-S06,
The Yiddish Policemen's Union,Michael Chabon,9788535913842.0,EBK,,eBook edition
They Came to Baghdad,Agatha Christie,9780816146062.0,PB,F1-B20-S10,
They Came to Baghdad,Agatha Christie,9780816146062.0,PB,F1-B20-S10,
They Came to Baghdad,Agatha Christie,9780816146062.0,PB,F1-B20-S10,
They Came to Baghdad,Agatha Christie,9780816146062.0,LP,F1-B01-S08,Large print edition
They Do It with Mirrors,Agatha Christie,9780061003769.0,PB,F1-B09-S08,Popular title - keep on display
They Do It with Mirrors,Agatha Christie,9780061003769.0,ACD,F0-B19-S09,Popular title - keep on display; Audiobook (CD)
They Do It with Mirrors,Agatha Christie,9780061003769.0,PB,F1-B09-S08,Popular title - keep on display
They Do It with Mirrors,Agatha Christie,9780061003769.0,PB,F1-B09-S08,Popular title - keep on display
They Do It with Mirrors,Agatha Christie,9780061003769.0,PB,F1-B09-S08,Popular title - keep on display
Third Girl,Agatha Christie,9782702401002.0,PB,F2-B14-S01,Slightly damaged cover
Third Girl,Agatha Christie,9782702401002.0,ACD,F0-B17-S06,Audiobook (CD)
This Is Not My Hat,Jon Klassen,9789862417133.0,PB,F1-B23-S03,
This Is Not My Hat,Jon Klassen,9789862417133.0,ACD,F1-B06-S04,Audiobook (CD)
This Is Not My Hat,Jon Klassen,9789862417133.0,PB,F1-B23-S03,
This Is Not My Hat,Jon Klassen,9789862417133.0,ADIG,,Audiobook (digital)
Through the Looking-Glass,Lewis Carroll,9781546940449.0,PB,F2-B02-S02,
Through the Looking-Glass,Lewis Carroll,9781546940449.0,ACD,F1-B12-S06,Audiobook (CD); Popular title - keep on display
Tik-Tok of Oz,L. Frank Baum,9781533529503.0,PB,F2-B05-S08,
Tik-Tok of Oz,L. Frank Baum,9781533529503.0,PB,F2-B05-S08,
Tik-Tok of Oz,L. Frank Baum,9781533529503.0,ADIG,,Audiobook (digital)
Tik-Tok of Oz,L. Frank Baum,9781533529503.0,LP,F1-B19-S07,Large print edition
Trent's Last Case,E. C. Bentley,9798482249819.0,PB,F1-B07-S04,
Trent's Last Case,E. C. Bentley,9798482249819.0,ACD,F1-B05-S07,Audiobook (CD)
Tripwire,Lee Child,9780857500069.0,PB,F2-B15-S05,
Tripwire,Lee Child,9780857500069.0,ACD,F0-B26-S08,Audiobook (CD)
Twilight,Stephenie Meyer,9780748112517.0,PB,F2-B14-S08,
Twilight,Stephenie Meyer,9780748112517.0,ADIG,,Audiobook (digital)
Twilight,Stephenie Meyer,9780748112517.0,LP,F1-B03-S05,Large print edition
Twilight,Stephenie Meyer,9780748112517.0,PB,F2-B14-S08,
Twilight,Stephenie Meyer,9780748112517.0,ACD,F0-B17-S09,Audiobook (CD)
Two for the dough,Janet Evanovich,9781664626256.0,PB,F1-B21-S01,
Two for the dough,Janet Evanovich,9781664626256.0,LP,F1-B25-S07,Large print edition
Under the Banner of Heaven,Jon Krakauer,9783492045711.0,PB,F2-B28-S06,
Under the Banner of Heaven,Jon Krakauer,9783492045711.0,ACD,F0-B16-S04,Audiobook (CD)
Unnatural Death,Dorothy L. Sayers,9780061043581.0,PB,F1-B20-S02,
Unnatural Death,Dorothy L. Sayers,9780061043581.0,PB,F1-B20-S02,
Unnatural Death,Dorothy L. Sayers,9780061043581.0,PB,F1-B20-S02,
Unnatural Death,Dorothy L. Sayers,9780061043581.0,ADIG,,Audiobook (digital)
We need to talk about Kevin,Lionel Shriver,9781921758492.0,PB,F2-B15-S01,
We need to talk about Kevin,Lionel Shriver,9781921758492.0,ADIG,,Audiobook (digital)
We're Going on a Bear Hunt,Michael Rosen,9780673805447.0,PB,F2-B05-S04,
We're Going on a Bear Hunt,Michael Rosen,9780673805447.0,ACD,F1-B07-S01,Audiobook (CD)
Where the Wild Things Are,Maurice Sendak,9780062265739.0,PB,F1-B25-S07,Popular title - keep on display
Where the Wild Things Are,Maurice Sendak,9780062265739.0,ACD,F0-B22-S09,Audiobook (CD)
White Fang,Jack London,9798726824987.0,PB,F1-B06-S08,
White Fang,Jack London,9798726824987.0,EBK,,eBook edition
Whose Body?,Dorothy L. Sayers,9798675681471.0,PB,F1-B17-S05,
Whose Body?,Dorothy L. Sayers,9798675681471.0,EBK,,eBook edition
Why Didn't they Ask Evans?,Agatha Christie,9780008255954.0,PB,F2-B28-S10,Missing dust jacket
Why Didn't they Ask Evans?,Agatha Christie,9780008255954.0,LP,F1-B13-S07,Missing dust jacket; Large print edition
Why Didn't they Ask Evans?,Agatha Christie,9780008255954.0,PB,F2-B28-S10,Missing dust jacket
Why Didn't they Ask Evans?,Agatha Christie,9780008255954.0,LP,F1-B13-S07,Missing dust jacket; Large print edition
Why Didn't they Ask Evans?,Agatha Christie,9780008255954.0,LP,F1-B13-S07,Missing dust jacket; Large print edition
Winnie-the-Pooh,A. A. Milne,9780786183586.0,PB,F2-B18-S01,
Winnie-the-Pooh,A. A. Milne,9780786183586.0,PB,F2-B18-S01,
Winnie-the-Pooh,A. A. Milne,9780786183586.0,PB,F2-B18-S01,
Winnie-the-Pooh,A. A. Milne,9780786183586.0,ACD,F1-B03-S03,Audiobook (CD)
Winnie-the-Pooh,A. A. Milne,9780786183586.0,PB,F2-B18-S01,
